Papel;Cotação;P/L;P/VP;PSR;Div.Yield;P/Ativo;P/Cap.Giro;P/EBIT;P/Ativ Circ.Liq;EV/EBIT;EV/EBITDA;Mrg Ebit;Mrg. Líq.;Liq. Corr.;ROIC;ROE;Liq.2meses;Patrim. Líq;Dív.Brut/ Patrim.;Cresc. Rec.5a
AESB3;9.81;-1443.07;1.41;2.086;0.009;0.389;1.98;11.53;-1.04;20.23;10.25;0.181;0.0537;3.63;0.0448;-0.001;20192400;4175170000;1.89;13.024
ONCO3;7.34;-382.42;1.82;1.005;0;0.503;5.94;10.58;-1.39;17.51;11.79;0.0949;0.0109;1.42;0.0557;-0.0047;7053540;2014190000;1.48;0
RAIL3;18.91;-316.18;2.33;3.839;0.001;0.77;7.63;15.86;-1.75;20.46;10.84;0.2421;-0.0124;1.83;0.0577;-0.0074;287566000;15061000000;1.11;0.077
DMMO3;1.82;-252.76;-1.68;2.789;0;3.27;11.63;6.23;-1.34;5.75;5.29;0.4481;-0.011;2.25;0.7039;0.0066;19918900;-553275000;0;-0.1737
ELMD3;10.16;-173.46;1.92;2.033;0;0.713;-7.09;16.34;-1.89;22.52;10.29;0.1244;0.0024;0.64;0.0504;-0.0111;3007740;739445000;0.91;1.011
HAPV3;5.3;-145.33;0.77;1.908;0.0006;0.532;140.87;-106.96;-2.5;-126.69;31.22;-0.0178;-0.013;1.04;-0.0053;-0.0053;420978000;49053700000;0.22;0.5325
TPIS3;1.26;-81.2;0.24;0.194;0.0148;0.073;-0.66;1.11;-0.12;9.26;4.21;0.1758;-0.0045;0.34;0.0696;-0.0029;1700960;926523000;1.85;-0.0166
CSAB3;41;-79.43;1.65;66.43;0.0248;0.811;0;-34.02;0;0;0;-19.525;-0.8363;0;0;-0.0208;992.86;190979000;0;-0.2884
CSAB4;41;-79.43;1.65;66.43;0.0273;0.811;0;-34.02;0;0;0;-19.525;-0.8363;0;0;-0.0208;1173.93;190979000;0;-0.2884
YDUQ3;11.23;-73.28;1.15;0.769;0.0113;0.349;2.34;6.37;-0.86;13.98;6.11;0.1207;-0.0101;2.07;0.0669;-0.0157;101314000;3024090000;1.89;0.066
MGLU3;3.42;-62.37;2.14;0.65;0;0.642;3.05;26.88;-5.19;32.75;14.85;0.0242;-0.0104;1.58;0.034;-0.0343;847664000;10805300000;0.66;0.2794
MAPT4;10.21;-52.71;-1.55;0;0;12.138;-4691.5;-66.08;-1.37;-66.08;-66.08;0;0;0;-0.1842;0.0293;128.02;-6073000;0;0
MTIG4;23;-52.59;-30.96;72.916;0;35.553;-23.24;-94.24;-18.86;-97.68;-108.19;-0.7737;-13.864;0.15;-0.4486;0.5887;1193.74;-90894800;-1.13;-0.262
ESPA3;1.37;-49.23;0.72;0.606;0;0.238;1.71;10.17;-0.76;26.81;10.47;0.0595;-0.0165;1.65;0.0245;-0.0147;8923850;684239000;1.29;0.0843
HBSA3;2.5;-48.6;1.3;1.264;0;0.284;2.26;10.84;-0.5;33.45;11.08;0.1165;-0.026;2.36;0.0307;-0.0268;10735600;1461770000;3.28;0.1899
ORVR3;39.53;-44.75;6.84;4.692;0;1.673;38.21;28.91;-3.2;34.86;16.28;0.1623;-0.0896;1.25;0.0615;-0.1529;16889900;412995000;1.48;0.5721
AERI3;1.58;-34.42;1.29;0.504;0.0131;0.35;0.97;6.86;-5.22;10.92;8.35;0.0735;-0.0146;2.19;0.0855;-0.0373;9177640;942087000;1.67;-0.0921
CBEE3;14;-33;0.71;0.407;0.0059;0.201;-1.4;2.76;-0.39;6.69;4.6;0.1477;-0.0123;0.58;0.0796;-0.0215;1186.9;4749900000;1.05;0.1148
SMFT3;15.23;-32.38;2.15;3.403;0;0.804;5.14;127.83;-2.43;133.04;9.83;0.0266;-0.1036;2.14;0.0086;-0.0665;21714900;4147930000;0.74;0.1998
DASA3;16.05;-26.5;1.22;0.718;0.0183;0.358;7.92;12.86;-0.82;24.04;9.27;0.0559;-0.0271;1.2;0.0322;-0.0462;3849400;7352800000;1.36;0.3766
VIIA3;2.24;-23.87;0.65;0.119;0;0.105;-1.01;1.68;-0.27;5.47;3.6;0.0707;-0.005;0.81;0.083;-0.0272;249566000;5505000000;1.69;0.0475
AGXY3;8.93;-23.21;1.19;0.143;0.0188;0.175;1.54;3.21;-5.05;5.64;4.68;0.0443;-0.0061;1.16;0.1133;-0.0513;525419;1282050000;1.52;0.8742
RCSL3;1.9;-23.18;-1.85;1.023;0;1.096;11.83;341.39;-0.97;337.1;54.13;0.003;-0.044;1.25;0.0034;0.0796;590998;-39014000;0;15.121
ZAMP3;5.98;-22.21;1.13;0.47;0;0.412;11.22;22.28;-1.07;29.44;4.54;0.0211;-0.0211;1.17;0.023;-0.0509;11804600;1456990000;0.74;0.0956
SCAR3;23.5;-20.7;0.9;4.48;0.0061;0.367;4.25;9.43;-0.84;22.07;15.56;0.4751;-0.2253;2.25;0.0423;-0.0436;87465;1503850000;1.41;-0.1453
LIGT3;5.7;-20.1;0.25;0.147;0.0445;0.076;0.9;1.3;-0.19;6.37;4.41;0.1126;-0.0073;1.41;0.0722;-0.0123;25473600;8557000000;1.44;0.046
AALR3;20.45;-17.85;2.26;2.215;0;0.919;-29.49;80.5;-2.37;102.54;21.06;0.0275;-0.118;0.86;0.0132;-0.1263;6155460;1072550000;0.85;0.0116
TRAD3;1.9;-17.41;0.93;5.589;0.0001;0.875;2.59;-6.43;2.61;-3.91;-4.86;-0.8698;-0.319;6.95;-0.2097;-0.0535;3445510;571473000;0.01;0
DTCY3;5.91;-16.9;-28.15;8.39;0;6.162;-14.05;-24.39;-6.81;-24.73;42.7;-0.344;-0.4964;0.42;-0.2658;16.654;144.83;-2337000;-0.58;-0.1735
COGN3;2.28;-16.43;0.35;0.874;0;0.163;4.56;5.68;-0.53;13.64;7.16;0.1539;-0.0581;1.24;0.0323;-0.021;139974000;12389900000;0.66;-0.0696
CASH3;1.17;-15.48;1.3;2.77;0;0.765;2.16;-5.88;2.89;-1.52;-1.63;-0.4713;-0.2257;2.13;-0.3092;-0.0842;40129100;776485000;0;0.7533
CEAB3;2.34;-12.52;0.26;0.118;0;0.08;0.88;13.44;-0.33;34.78;4.61;0.0088;-0.0094;1.25;0.0085;-0.0207;14970200;2785870000;0.86;0.2253
NTCO3;11.45;-12.43;0.69;0.421;0.0115;0.291;4.68;11.54;-1;18.16;6.21;0.0365;-0.0339;1.27;0.0313;-0.0554;219489000;22985000000;0.6;-0.0227
CLSA3;5.48;-11.9;1.39;2.102;0;1.117;1.87;-7.66;2.04;-4.33;-5.33;-0.2746;-0.1767;5.03;-0.3513;-0.117;3656560;740258000;0.1;0
RCSL4;0.87;-10.62;-0.85;0.468;0;0.502;5.42;156.32;-0.44;152.03;24.41;0.003;-0.044;1.25;0.0034;0.0796;364501;-39014000;0;15.121
SHOW3;2.43;-10.44;1.16;0.54;0;0.27;2.21;3.71;-2.73;1.16;1.02;0.1459;-0.0438;1.23;0.2163;-0.1107;931264;141721000;0.83;-0.4002
EMBR3;14.31;-9.98;0.8;0.523;0;0.197;0.81;6.91;-1.2;12;7.27;0.0756;-0.0568;1.77;0.038;-0.0798;102941000;13311700000;1.27;0.1017
CTKA3;21.72;-8.79;-0.83;0.219;0;0.224;0.97;5.7;-0.38;29.16;17.63;0.0385;-0.025;1.52;0.0445;0.0944;944.86;-162561000;-3.47;0.1887
KRSA3;1.32;-8.32;0.85;0.53;0;0.211;2.19;4.96;-0.49;14.87;9.76;0.107;-0.0574;1.46;0.0484;-0.1027;221342;1192960000;2.08;0
BRFS3;10.19;-8.28;0.92;0.209;0;0.187;1.85;9.79;-0.58;23.35;6.56;0.0214;-0.0237;1.28;0.0319;-0.1111;146882000;12000400000;2;0.1425
PEAB4;72.01;-8.26;1.36;24.724;0.0265;1.149;4.17;-147.16;8.28;-126.17;-274.99;-0.168;-29.864;14.2;-0.0103;-0.1652;6822.88;678038000;0.09;-0.5186
IFCM3;4.8;-8.03;1.15;2.201;0;0.525;11.45;-23.54;-2.65;-27.9;55.02;-0.0935;-0.2741;1.15;-0.0301;-0.1438;4834820;1515790000;0.39;0
SEER3;5.69;-7.85;0.54;0.451;0;0.211;3.09;3.5;-0.55;5.81;2.92;0.1286;-0.0574;1.44;0.0658;-0.0684;6116730;1363920000;0.55;0.0627
GFSA3;6.24;-7.75;0.14;0.229;0;0.04;0.12;-28.05;-1.92;-222.47;78.03;-0.0082;-0.0299;1.93;-0.0016;-0.0175;15436200;1741480000;1.28;0.1169
SEQL3;3.65;-7.4;0.95;0.277;0;0.261;-101.32;17.33;-0.65;38.99;6.4;0.016;-0.0374;0.99;0.0175;-0.1287;21769600;537366000;1.32;0.3084
TELB3;16.15;-7.23;0.66;3.187;0;0.273;0.91;-3.84;-1.3;-0.48;-3.08;-0.8306;-0.4411;4.98;-0.1025;-0.0915;41360;1657470000;0.11;0.5899
MEAL3;2.27;-7.09;0.61;0.283;0;0.231;-4.53;-18.51;-0.57;-26.8;15.07;-0.0153;-0.0399;0.81;-0.0148;-0.0865;4376880;1059710000;0.52;0.0843
TCNO3;1.2;-6.81;-8.4;0;0;0.034;-0.08;-2.87;-0.04;-15.11;-17.45;0;0;0.28;-0.0159;12.336;4230.17;-946000;-35.76;-0.3239
CRDE3;18;-6.23;0.46;6.359;0;0.393;12.2;-4.62;-22.04;-3.53;-3.55;-13.763;-10.235;1.34;-0.0963;-0.0741;2684.9;94414000;0;-0.2717
NINJ3;2.59;-5.88;0.47;2.212;0;0.433;0.5;-2.51;0.5;2.84;2.88;-0.8816;-0.376;13.24;-36.627;-0.0797;628712;277516000;0;0
BLUT3;5.14;-5.63;0.46;0;0;0.138;-0.76;-42.93;-0.2;-53.97;-53.97;0;0;0;-0.0033;-0.0824;3091.81;56569000;0.12;0
BOBR4;1.38;-5.58;-2.01;0.257;0;0.397;-1.41;3.17;-0.55;5.88;4.87;0.0811;-0.046;0.63;0.1903;0.3595;42431.7;-179288000;-2.05;0.0577
PEAB3;45.01;-5.16;0.85;15.454;0.0385;0.718;2.61;-91.98;5.17;-70.99;-154.73;-0.168;-29.864;14.2;-0.0103;-0.1652;9491.45;678038000;0.09;-0.5186
AHEB3;20;-5.16;-2.11;0.82;0;0.589;-172.96;-18.45;-0.58;-18.54;-64.4;-0.0445;-0.1589;0.99;-0.0347;0.4093;621.26;-80875000;-0.05;0.2572
ANIM3;4.57;-4.93;0.7;0.52;0;0.177;9.13;2.8;-0.35;8.74;4.67;0.1857;-0.0876;1.11;0.0722;-0.1418;27879800;2638050000;1.9;0.3518
NORD3;5.9;-4.86;-0.26;23.98;0;2.245;-0.84;-85.48;-0.24;-168.5;-168.5;-0.2805;-49.325;0.03;-0.0269;0.054;1513.02;-148922000;-0.25;0.2153
TCNO4;0.85;-4.82;-5.95;0;0;0.024;-0.06;-2.04;-0.03;-14.27;-16.48;0;0;0.28;-0.0159;12.336;6471.43;-946000;-35.76;-0.3239
TELB4;10;-4.47;0.41;1.973;0;0.169;0.56;-2.38;-0.81;0.98;6.36;-0.8306;-0.4411;4.98;-0.1025;-0.0915;47648.9;1657470000;0.11;0.5899
BIOM3;5.67;-4.13;3.44;4.111;0;1.182;8.48;-5.09;-4.08;-6.48;-6.53;-0.8077;-0.9943;1.62;-0.2956;-0.8309;106390;121364000;1.39;25.534
ADHM3;1.56;-4.09;-1.29;770.924;0;105.126;-1.43;-5.69;-1.27;-5.69;-5.81;-135.485;-188.606;0;5.217;0.3147;2064;-19776000;0;0.4348
TXRX3;16.21;-3.68;-0.21;0.343;0;0.271;-0.37;2.2;-0.15;12.17;10.51;0.1555;-0.0931;0.42;0.1723;0.0568;160.98;-329828000;-0.95;0.2333
LUPA3;3.31;-3.65;0.88;0.869;0;0.199;0.75;-10.24;-0.66;-23.81;-56.56;-0.0848;-0.2378;2.28;-0.0207;-0.2418;6173990;113746000;1.28;-0.0343
CTKA4;8.99;-3.64;-0.34;0.091;0;0.093;0.4;2.36;-0.16;25.82;15.61;0.0385;-0.025;1.52;0.0445;0.0944;5537.81;-162561000;-3.47;0.1887
BAHI3;13.5;-3.5;3.03;0.961;0;0.502;-2.07;-12.15;-0.68;-17.72;-28.6;-0.0791;-0.287;0.23;-0.043;-0.8643;216845;106101000;1.55;0.767
TCSA3;3.1;-3.1;0.4;1.247;0;0.148;0.42;-3.02;-2.71;-8.87;-10.59;-0.413;-0.4047;3.12;-0.0539;-0.1281;1044550;575508000;1;-0.0383
MBLY3;2.6;-3.09;0.49;0.425;0;0.312;0.78;-2.91;1.37;-2.45;-7.89;-0.1458;-0.1375;3.13;-0.164;-0.1571;5780480;570425000;0.31;-0.0865
CEDO3;6.06;-2.89;0.51;0.05;0;0.065;-0.71;1.15;-0.2;5.49;4.02;0.0436;-0.023;0.86;0.0733;-0.178;1059.21;117761000;2.11;0.174
CVCB3;5.03;-2.88;3.35;1.149;0;0.31;-1.49;-11.64;-0.9;-14.04;18.57;-0.0987;-0.3973;0.73;-0.0374;-11.629;100851000;416109000;2.22;-0.132
VIVR3;0.54;-2.83;-0.51;0.948;0;0.278;-0.53;-3.99;-0.28;-14.21;-15.09;-0.2376;-0.3323;0.51;-0.0749;0.1796;4662240;-174609000;-1.38;0.4976
CTSA3;3.37;-2.72;0.34;0.193;0.0644;0.152;-2.61;-11.44;-0.63;-27.08;79.84;-0.0169;-0.0712;0.84;-0.0156;-0.1234;17278.5;279573000;0.59;0.0535
AMAR3;1.5;-2.5;0.53;0.185;0;0.144;1.19;1.86;-0.53;7.41;3.74;0.0991;-0.0738;1.36;0.0947;-0.2111;12554300;973981000;1.76;-0.0147
DOTZ3;1.65;-2.45;-1.61;1.608;0;0.517;-3.49;-5.64;-0.78;-2.47;-5.27;-0.2854;-0.657;0.82;-0.2585;0.6588;110433;-135130000;-0.81;0.032
ALPK3;1.83;-2.36;0.85;0.364;0;0.15;-1.04;1.85;-0.21;7.83;3.75;0.1972;-0.1526;0.44;0.0899;-0.3611;285182;459504000;3.03;0.4288
ESTR4;39.99;-2.33;-0.07;0.171;0;0.106;-0.06;1.83;-0.05;7.51;6.77;0.0932;-0.0733;0.26;0.062;0.0283;3012.02;-489405000;-0.21;0.0997
WEST3;0.97;-2.3;0.3;0.389;0;0.252;0.45;-1.4;0.53;0.3;0.4;-0.2771;-0.169;6.77;-0.3039;-0.1322;884662;351390000;0.08;-0.0949
ENJU3;1.04;-2.24;0.54;1.551;0;0.477;0.65;-1.84;0.66;1.07;1.24;-0.8433;-0.6936;8.04;-12.365;-0.2427;1441800;383688000;0;0.2758
FRIO3;31;-2.07;-0.57;0.061;0;0.07;-0.32;0.94;-0.17;9.04;6.17;0.0651;-0.0302;0.76;0.1198;0.2753;405.69;-223039000;-5.86;0.1613
IRBR3;0.78;-2;0.47;0.269;0;0.084;0;-0.82;0;0;0;-0.3294;-0.1343;0;0;-0.2344;49163400;4106820000;0;0.001
AZUL4;12.46;-1.95;-0.22;0.285;0;0.237;-0.45;2.21;-0.13;13.83;6.8;0.1288;-0.1459;0.35;0.1282;0.1103;164508000;-20130500000;-1.19;0.0823
CEDO4;3.98;-1.9;0.34;0.033;0;0.043;-0.47;0.75;-0.13;5.09;3.73;0.0436;-0.023;0.86;0.0733;-0.178;8127.12;117761000;2.11;0.174
BRPR3;5.97;-1.89;0.63;8.138;0.4151;0.434;1.37;13.62;1.59;6.18;6.13;0.5975;-43.129;2.19;0.0419;-0.3344;18563500;4485840000;0;-0.0578
FRTA3;2.93;-1.74;-0.09;0.845;0;0.203;-0.07;-1.14;-0.06;-12.55;-13.86;-0.7445;-0.4868;0.03;-0.2141;0.0508;4544.62;-68217000;-0.89;-0.1446
HETA4;4.05;-1.72;0;0.665;0;0.167;-0.02;0.72;0;113.74;113.74;0.925;-0.3858;0.03;0.2321;0.0021;3203.48;-558599000;-0.58;0.2081
BLUT4;1.52;-1.66;0.14;0;0;0.041;-0.22;-12.69;-0.06;-23.74;-23.74;0;0;0;-0.0033;-0.0824;10453.2;56569000;0.12;0
LLIS3;1.68;-1.64;-2.04;1.325;0;0.923;-6.47;-125.12;-0.82;-289.31;21.42;-0.0106;-0.7723;0.7;-0.0083;12.462;589315;-697151000;-2.74;-0.0513
CTSA4;2.03;-1.64;0.2;0.117;0.1176;0.091;-1.57;-6.89;-0.38;-22.53;66.43;-0.0169;-0.0712;0.84;-0.0156;-0.1234;31812.8;279573000;0.59;0.0535
PLAS3;9.81;-1.43;-0.33;0.155;0;0.168;-0.35;30.5;-0.14;96.63;7.29;0.0051;-0.1085;0.41;0.0064;0.2297;5471.55;-371809000;-0.76;0.2161
CTNM3;6.7;-1.1;0.33;0.103;0;0.051;-2.4;13.15;-0.17;86.87;10.54;0.0079;-0.1691;0.95;0.0046;-0.3032;79.76;614624000;2.45;-0.0042
OIBR4;0.54;-1.05;-1.56;0.307;0;0.073;0.97;-0.78;-0.1;-4.78;-49.04;-0.3957;-0.2911;1.37;-0.1116;14.921;764287;-2283720000;-9.61;-0.3063
IGBR3;31.5;-0.98;-0.04;5.874;0;0.335;-0.09;-1.02;-0.03;-10.13;-10.86;-57.518;-59.793;0.02;-0.3445;0.0376;52223.8;-1066080000;-0.33;0.1154
NEXP3;0.37;-0.8;2.42;0.413;0;0.193;-1.37;-1.32;-0.31;-2.07;-2.97;-0.3139;-0.5166;0.68;-0.1753;-30.264;176166;20281000;2.87;0.0372
TEND3;4.89;-0.77;0.6;0.222;0;0.119;1.08;-1.54;-0.32;-3.96;-4.72;-0.144;-0.291;1.34;-0.0964;-0.7832;24156600;843680000;1.8;0.1185
TXRX4;3.32;-0.75;-0.04;0.07;0;0.056;-0.08;0.45;-0.03;10.41;9;0.1555;-0.0931;0.42;0.1723;0.0568;6237.24;-329828000;-0.95;0.2333
GOLL4;7.95;-0.72;-0.15;0.248;0;0.202;-0.31;-1.93;-0.09;-8.23;-162.86;-0.129;-0.3436;0.23;-0.1232;0.2118;122293000;-21723400000;-0.52;-0.0362
GPIV33;3.02;-0.6;0.15;-0.514;0;0.075;0.46;-0.37;-381.55;0.44;0.44;13.835;13.605;3.41;-0.2578;-0.2541;214550;1582410000;0.1;12.397
JFEN3;0.75;-0.5;-0.12;4.631;0;0.068;-0.48;-0.86;-0.09;-7.22;-7.38;-53.695;-93.416;0.86;-0.0854;0.2442;189344;-639921000;-0.93;-0.2048
OIBR3;0.21;-0.41;-0.61;0.12;0;0.028;0.38;-0.3;-0.04;-4.3;-44.16;-0.3957;-0.2911;1.37;-0.1116;14.921;32944300;-2283720000;-9.61;-0.3063
CTNM4;1.95;-0.32;0.1;0.03;0;0.015;-0.7;3.83;-0.05;77.55;9.41;0.0079;-0.1691;0.95;0.0046;-0.3032;19778.3;614624000;2.45;-0.0042
SGPS3;1.9;-0.3;0.12;0.059;0;0.031;-4.48;141.36;-0.1;1333.25;8.68;0.0004;-0.1953;0.99;0.0003;-0.4063;192334;770814000;1.43;-0.0035
PMAM3;6.05;-0.29;-0.16;0.091;0;0.104;-0.33;-1.93;-0.07;-24.77;-122.83;-0.0473;-0.3119;0.45;-0.0688;0.5537;377782;-1621540000;-1.95;-0.0932
AVLL3;5.49;-0.28;-0.42;0.502;0;0.071;-0.43;-1.57;-0.09;-12.6;-13.49;-0.3189;-17.561;0.69;-0.0505;14.599;28201.8;-296026000;-3.34;-0.1517
GSHP3;21.03;-0.23;-0.05;0.264;0;0.027;-1.89;0.72;-0.02;30.72;29;0.3656;-11.363;0.92;0.0412;0.2119;2033.48;-823709000;-2.24;-0.1034
RSID3;2.41;-0.23;-0.05;3.633;0;0.056;-0.04;-0.65;-0.04;-8.75;-8.91;-5.592;-169.807;0.27;-0.0912;0.2317;271874;-913959000;-0.67;-0.3795
MNDL3;37.5;-0.15;-0.12;0.126;0;0.071;-0.07;1.09;-0.06;5.05;4.29;0.1148;-0.8619;0.26;0.0693;0.8473;76887.2;-752804000;-0.46;0.138
SNSY5;3.2;-0.14;-0.02;0.03;0;0.053;-0.57;-1.2;-0.01;-7.09;-67.39;-0.0251;-0.2086;0.86;-0.0526;0.1062;19985.1;-1607740000;-0.08;0.2001
RPMG3;1.77;-0.13;-0.03;0.025;0;0.024;-0.03;-0.13;-0.03;-0.13;-0.14;-0.187;-0.1913;0.54;-0.1784;0.215;14846.2;-4233000000;0;0.5282
TEKA4;24.99;-0.12;-0.01;0.049;0;0.011;0;2.54;0;125.77;65.95;0.0191;-0.399;0.04;0.0075;0.0549;57203.4;-1881150000;-0.32;0.1707
ATMP3;1.23;-0.07;-0.12;0.04;0;0.02;-0.04;-0.26;-0.02;-2.37;-13.54;-0.1549;-0.5802;0.35;-0.102;17.251;49259.5;-275079000;-1.32;-0.1037
OSXB3;6.91;-0.04;0;0.623;0;0.01;-0.04;-0.9;0;-214.55;-447.16;-0.6913;-18.395;0.05;-0.0124;0.1021;79922.5;-5842510000;-0.89;0.3703
OPCT3;2.76;0;0.73;0;0;0.246;-4.76;0;-0.54;0;0;0;0;0.8;0;0;1630740;751063000;1.55;0
PDGR3;0.28;0.14;-0.02;0.526;0;0.074;-0.04;-1.13;-0.02;-15.32;-15.47;-0.465;36.358;0.29;-0.0917;-0.1291;1010440;-4867480000;-0.25;-0.0912
INEP4;1.11;0.18;-0.14;8.345;0;0.152;-0.21;0.14;-0.08;0.69;0.69;600.018;459.249;0.11;11.451;-0.7559;3080330;-1444050000;-0.55;-0.2076
SLED4;2.92;0.18;-0.08;0.34;0;0.206;-0.26;-0.4;-0.06;-1.5;-2;-0.8495;18.425;0.27;-12.367;-0.4173;33015;-365842000;-0.23;-0.5497
HOOT4;1.34;0.21;-0.07;0.276;0;0.049;-0.07;-0.16;-0.03;-0.11;-0.12;-17.659;13.304;0.1;-0.3254;-0.3532;10429.5;-335350000;0;-0.1047
INEP3;1.26;0.21;-0.16;9.473;0;0.172;-0.24;0.16;-0.09;0.71;0.7;600.018;459.249;0.11;11.451;-0.7559;8989080;-1444050000;-0.55;-0.2076
SLED3;8.12;0.51;-0.21;0.944;0;0.572;-0.74;-1.11;-0.17;-2.21;-2.94;-0.8495;18.425;0.27;-12.367;-0.4173;3635.14;-365842000;-0.23;-0.5497
SYNE3;4.54;0.56;0.45;0.3;19.192;0.165;1.12;0.46;-0.88;0.87;0.83;0.6505;0.5652;6.61;0.3999;0.7934;2118300;1550460000;0.67;0.3715
MWET4;10.2;0.82;-0.94;0.075;0;0.079;12.05;2.33;-0.13;10.01;6.88;0.0321;0.0913;1.01;0.0381;-11.411;117811;-22427000;-3.09;0.1573
MGEL4;13.25;0.93;-0.41;0.076;0;0.117;0.3;0.64;-0.18;6.22;5.35;0.1175;0.0814;2.54;0.2235;-0.4365;30827.9;-189125000;-3.99;0.223
MNPR3;6.36;1.09;-0.14;0.125;0;0.149;-0.12;0.75;-0.1;0.75;0.68;0.1668;0.1144;0.3;0.2083;-0.1296;21882;-319878000;0;0.1669
MRFG3;9.62;1.17;0.93;0.054;0.2781;0.046;0.58;0.64;-0.11;4.99;3.49;0.0841;0.0489;1.27;0.1005;0.7976;126586000;6832400000;9.2;0.4483
BRAP3;24.1;1.6;1.21;0;0.3449;1.195;11.88;-435.79;11.9;-397.02;-397.02;0;0;9.56;-0.0031;0.7582;3395190;7833580000;0;0
PETR4;23.86;1.76;0.84;0.505;0.8378;0.328;13.23;1.09;-0.75;1.99;1.58;0.4623;0.2873;1.17;0.323;0.4738;3380020000;3,72E+11;0.79;0.1536
BRAP4;26.79;1.77;1.34;0;0.3413;1.328;13.21;-484.43;13.22;-445.67;-445.67;0;0;9.56;-0.0031;0.7582;129315000;7833580000;0;0
EUCA4;7.35;1.86;0.33;0.264;0.0385;0.185;1.15;1.54;-2.79;2.65;1.97;0.1713;0.1177;1.75;0.1336;0.1772;323510;2062360000;0.3;0.2087
USIM5;7.61;1.9;0.39;0.29;0.108;0.233;0.6;1.67;1.38;1.84;1.59;0.1735;0.1649;4.16;0.1735;0.2061;146183000;24292200000;0.25;0.2919
USIM3;7.63;1.91;0.39;0.291;0.0979;0.234;0.61;1.68;1.39;1.84;1.59;0.1735;0.1649;4.16;0.1735;0.2061;3478060;24292200000;0.25;0.2919
PETR3;27.49;2.03;0.96;0.581;0.7271;0.378;15.25;1.26;-0.87;2.16;1.71;0.4623;0.2873;1.17;0.323;0.4738;886578000;3,72E+11;0.79;0.1536
MWET3;29.98;2.41;-2.75;0.22;0;0.233;35.42;6.85;-0.37;14.54;9.99;0.0321;0.0913;1.01;0.0381;-11.411;548.14;-22427000;-3.09;0.1573
GOAU3;11.18;2.46;0.69;0.134;0.1176;0.144;0.54;0.61;1.52;0.82;0.71;0.2186;0.1673;2.28;0.3026;0.2816;1925260;16695000000;0.77;0.2011
FHER3;16.05;2.46;1.96;0.149;0;0.283;1.03;2.13;-2.87;2.6;2.42;0.0701;0.0608;1.57;0.194;0.7953;3183020;442020000;0.5;0.1569
BAZA3;51.94;2.55;0.6;0;0.0697;0;0;0;0;0;0;0;0;0;0;0.2336;312239;4881810000;0;0.2358
BDLL4;8.87;2.58;-0.08;0.565;0;0.021;-0.2;-0.45;-0.03;-7.5;-8.46;-12.512;0.2192;0.84;-0.0504;-0.0304;2860.33;-181341000;-1.23;-0.336
RNEW11;6.02;2.62;3.05;2.839;0;0.244;-4.36;-7.43;-0.31;-20.99;-29.58;-0.3822;1.084;0.69;-0.0353;11.642;73757.8;160679000;6.06;-0.3285
RNEW4;2.01;2.62;3.05;2.844;0;0.244;-4.37;-7.44;-0.31;-21;-29.6;-0.3822;1.084;0.69;-0.0353;11.642;200116;160679000;6.06;-0.3285
EPAR3;10.7;2.64;1.7;0.14;0;0.593;2;2.19;5.11;2.6;2.3;0.0642;0.0532;1.63;0.4016;0.6456;17837;93395000;0.71;0.4333
JBSS3;23.32;2.64;1.17;0.136;0.0863;0.251;1.96;1.66;-0.69;4.16;3.17;0.082;0.0541;1.46;0.1975;0.4422;210170000;44282100000;2.14;0.2274
RNEW3;2.06;2.69;3.13;2.915;0;0.25;-4.48;-7.63;-0.32;-21.18;-29.86;-0.3822;1.084;0.69;-0.0353;11.642;88919.9;160679000;6.06;-0.3285
EUCA3;10.77;2.73;0.48;0.386;0.0239;0.271;1.69;2.26;-4.08;3.37;2.5;0.1713;0.1177;1.75;0.1336;0.1772;21178;2062360000;0.3;0.2087
TASA3;13.71;2.86;1.6;0.627;0.1114;0.74;3.12;2.05;5.52;2.33;2.25;0.3059;0.2193;1.55;0.4559;0.5591;585154;1083620000;0.54;0.4093
GOAU4;13.02;2.86;0.81;0.157;0.101;0.168;0.63;0.72;1.77;0.92;0.8;0.2186;0.1673;2.28;0.3026;0.2816;114849000;16695000000;0.77;0.2011
HBRE3;5.01;2.88;0.27;3.895;0;0.128;3.19;1.48;-0.43;3.65;3.64;26.228;15.795;1.6;0.0947;0.0953;162712;1885330000;0.58;0.6626
PCAR3;18.26;2.89;0.36;0.108;0.0194;0.114;5.59;1.54;-0.36;2.79;1.76;0.0703;0.0417;1.07;0.0974;0.126;53376200;13539000000;0.58;-0.079
GGBR3;24;2.92;0.82;0.467;0.1554;0.503;1.92;2.13;5.61;2.36;2.06;0.2187;0.1607;2.25;0.3031;0.2799;1460200;49188200000;0.26;0.2011
TASA4;14;2.92;1.63;0.641;0.1091;0.756;3.19;2.09;5.64;2.38;2.29;0.3059;0.2193;1.55;0.4559;0.5591;13772400;1083620000;0.54;0.4093
DMFN3;12.75;3.17;0.84;0;0;0;0;0;0;0;0;0;0;0;0;0.2638;1202.69;13938000;0;-0.176
BNBR3;74.5;3.23;0.75;0;0.0602;0;0;0;0;0;0;0;0;0;0;0.232;7404.48;8589190000;0;0.1964
BDLL3;12;3.49;-0.11;0.764;0;0.029;-0.27;-0.61;-0.04;-7.66;-8.64;-12.512;0.2192;0.84;-0.0504;-0.0304;4005.26;-181341000;-1.23;-0.336
BBAS3;34.21;3.56;0.67;0;0.1168;0;0;0;0;0;0;0;0;0;0;0.187;904082000;1,47E+11;0;0.1606
GGBR4;29.37;3.57;1;0.571;0.127;0.616;2.35;2.61;6.86;2.84;2.48;0.2187;0.1607;2.25;0.3031;0.2799;328566000;49188200000;0.26;0.2011
BALM4;9.4;3.58;0.68;0.624;0.0267;0.406;0.9;6.75;1.41;5.36;4.17;0.0923;0.1732;2.93;0.0762;0.189;3303.86;136239000;0.14;0.0532
ETER3;10.29;3.59;0.96;0.546;0.1043;0.536;1.48;3.15;3.49;3.2;2.94;0.1735;0.152;2.55;0.1915;0.2681;10192000;659782000;0.13;0.2472
VALE3;80.9;3.62;2.15;1.653;0.0933;0.887;77.06;3.39;-2.23;3.72;3.27;0.4872;0.4593;1.07;0.2983;0.5945;2914350000;1,80E+11;0.37;0.2163
TKNO4;65;3.67;0.72;0.586;0.1476;0.512;1.48;4.65;1.67;3.7;3.29;0.1261;0.1595;2.35;0.1456;0.1971;1076.74;264665000;0.01;0.2888
CEBR3;9.98;3.68;0.75;1.82;0.3549;0.533;1.21;3.96;1.28;1.13;1.06;0.4596;0.6868;6.9;0.2221;0.203;47628;962556000;0;-0.4332
HAGA4;1.11;3.69;-0.21;0.463;0;0.223;0.63;-3.96;-0.18;-0.69;-1.27;-0.1168;0.1253;1.72;-0.1644;-0.057;48672.6;-62754000;-0.43;0.1208
CLSC3;50.5;3.71;0.66;0.189;0.0984;0.162;-9.88;2.9;-0.35;4.59;3.24;0.0651;0.051;0.95;0.0696;0.1791;83222.7;2933340000;0.87;0.0953
CEBR5;10.12;3.73;0.76;1.845;0.35;0.54;1.23;4.01;1.3;1.18;1.11;0.4596;0.6868;6.9;0.2221;0.203;65499.5;962556000;0;-0.4332
CEBR6;10.3;3.8;0.77;1.878;0.3782;0.55;1.25;4.09;1.32;1.25;1.18;0.4596;0.6868;6.9;0.2221;0.203;182043;962556000;0;-0.4332
EALT4;7.4;3.85;0.81;0.342;0.1698;0.318;-13.15;3.09;-1.41;5.29;4.08;0.1108;0.0888;0.94;0.1137;0.2111;166681;204685000;0.63;0.1765
JALL3;7.77;3.95;1.37;1.375;0.0429;0.432;1.17;4.7;-2.43;7.12;3.59;0.2925;0.3483;3.69;0.1394;0.346;5127050;1676450000;1.71;0.2834
MOVI3;8.96;3.98;1.17;0.376;0.064;0.123;0.51;1.19;-0.24;5.55;4.14;0.3152;0.0945;2.62;0.1604;0.2936;44604900;2777080000;7.07;0.3278
USIM6;16.2;4.05;0.84;0.618;0.0507;0.496;1.29;3.56;2.94;3.73;3.22;0.1735;0.1649;4.16;0.1735;0.2061;230.95;24292200000;0.25;0.2919
ENAT3;13.65;4.07;0.91;1.646;0.1252;0.595;4.93;4.64;-11.91;3.34;1.86;0.3544;0.4046;1.69;0.1939;0.224;22030800;3982410000;0.13;0.313
SUZB3;54.94;4.1;2.68;1.594;0.0243;0.581;3.21;3.91;-1.16;6.95;5.02;0.4077;0.3889;2.81;0.1814;0.6524;340107000;27951700000;2.72;0.3551
GPAR3;45.04;4.13;3;18.529;0.3479;2.733;5.06;69.24;5.25;54.51;53.83;0.2676;44.828;8.74;0.0947;0.7259;5536.21;1169910000;0;-0.0329
DEXP4;5.88;4.14;0.99;0.254;0.069;0.427;0.99;2.76;2.63;3.52;3.13;0.0921;0.0735;2.99;0.1873;0.2403;70597.9;555602000;0.57;0.345
AURA33;30.75;4.19;1.3;0.802;0.0886;0.612;3.94;3.01;-3.92;3.65;3.65;0.2665;0.1913;1.72;0.2792;0.31;6685350;1674650000;0.67;0.4356
PTNT4;6.1;4.2;0.83;0.337;0.0523;0.336;1.92;4.94;11.66;7.26;4.97;0.0682;0.096;1.47;0.0895;0.1976;322095;353213000;0.72;0.154
CBAV3;10.82;4.21;1.19;0.694;0.0267;0.511;2.24;4.09;-3.13;5;3.78;0.1699;0.1779;2.42;0.157;0.2822;47761200;5423400000;0.57;0
BALM3;11.1;4.22;0.8;0.736;0.0227;0.479;1.06;7.97;1.66;6.58;5.12;0.0923;0.1732;2.93;0.0762;0.189;396.69;136239000;0.14;0.0532
MYPK3;14.13;4.23;0.53;0.131;0.1301;0.143;0.74;1.93;-0.79;6.01;4.15;0.0679;0.0366;1.58;0.1004;0.1257;25966200;4089830000;1.52;0.1532
FESA4;55.06;4.24;1.6;1.565;0.0692;1.224;3.81;3.63;6.24;3.27;2.9;0.431;0.3692;3.94;0.4437;0.3772;10572400;3040730000;0.11;0.2454
CLSC4;58.5;4.29;0.77;0.219;0.1014;0.188;-11.44;3.36;-0.4;5.05;3.57;0.0651;0.051;0.95;0.0696;0.1791;257449;2933340000;0.87;0.0953
LOGG3;18.07;4.3;0.51;9.568;0.048;0.301;10.7;12.73;-1.06;23.52;23.33;0.7519;2.301;1.36;0.0249;0.1181;8492970;3636250000;0.51;0.157
TECN3;2.1;4.31;0.46;0.441;0.0406;0.248;0.5;2.35;1.29;2.86;3.22;0.1878;0.1023;4.28;0.1334;0.1058;1098300;342793000;0.36;0.0242
EALT3;8.29;4.32;0.91;0.383;0.1378;0.357;-14.74;3.46;-1.58;5.66;4.37;0.1108;0.0888;0.94;0.1137;0.2111;1539.86;204685000;0.63;0.1765
MDNE3;5.6;4.32;0.41;0.647;0;0.169;0.77;4.03;-0.78;3;2.88;0.1606;0.1485;2.5;0.0467;0.0939;1878680;1171410000;0.09;0.1699
NEOE3;15.81;4.34;0.72;0.444;0.0505;0.209;3.71;1.88;-0.45;5.36;4.41;0.2361;0.104;1.3;0.1271;0.165;28159800;26775000000;1.62;0.1547
FESA3;57.22;4.41;1.66;1.627;0.0605;1.272;3.96;3.77;6.48;3.41;3.03;0.431;0.3692;3.94;0.4437;0.3772;4729.67;3040730000;0.11;0.2454
CAMB3;6.79;4.58;1.81;0.71;0.0195;0.753;5.28;3.22;-7.26;4.37;3.96;0.2206;0.1556;1.42;0.2614;0.3948;447814;158791000;0.7;0.0947
JHSF3;5.51;4.64;0.75;1.891;0.0295;0.382;1.74;4.04;-2.16;6.07;5.72;0.4684;0.4052;3.51;0.1038;0.1623;17091700;4970930000;0.55;0.5258
UCAS3;2.67;4.69;0.9;0.7;0.0404;0.584;4.89;7.95;8.11;6.88;4.76;0.088;0.1492;1.39;0.087;0.1919;85316.9;196055000;0.06;0.1475
KLBN4;4.15;4.76;2.59;1.194;0.0712;0.505;3.25;3.2;-1.03;6.13;4.3;0.3735;0.2601;2.35;0.1961;0.5444;8792920;9002800000;3.08;0.1955
UNIP3;85.5;4.77;3.15;1.131;0.1933;1.376;5.6;3.05;-17.28;2.98;2.75;0.3712;0.2386;2.06;0.6493;0.6605;2019860;2818630000;0.51;0.2546
KLBN11;20.82;4.77;2.6;1.198;0.0709;0.507;3.26;3.21;-1.03;6.15;4.31;0.3735;0.2601;2.35;0.1961;0.5444;139210000;9002800000;3.08;0.1955
KLBN3;4.18;4.79;2.61;1.202;0.0706;0.509;3.27;3.22;-1.04;6.16;4.32;0.3735;0.2601;2.35;0.1961;0.5444;2163310;9002800000;3.08;0.1955
SOND5;32.02;4.8;1.36;0.652;0.2072;0.867;2.76;3.19;4.12;1.98;1.84;0.2042;0.1358;2.21;0.414;0.2831;2762;57907000;0;0.2259
SOND6;32.35;4.85;1.37;0.659;0.2051;0.876;2.79;3.23;4.16;2.01;1.87;0.2042;0.1358;2.21;0.414;0.2831;2450.83;57907000;0;0.2259
SAPR3;3.64;4.86;0.65;0.986;0.0591;0.34;6.1;2.68;-1.03;4.47;3.71;0.3677;0.2029;1.6;0.14;0.1347;2191210;8408830000;0.58;0.0771
MTSA4;45.9;4.9;1.08;0.521;0.0534;0.708;1.47;3.59;1.52;3.17;2.92;0.1449;0.1062;2.46;0.2748;0.2209;90536.5;372456000;0.18;0.3163
PFRM3;3.46;4.91;0.36;0.058;0;0.103;0.49;1.29;2.66;3.03;2.14;0.0445;0.0131;1.45;0.1194;0.0724;1047970;1205210000;0.57;0.1605
CGRA4;29.51;4.92;0.71;0.845;0.1182;0.506;1.91;4.61;3.22;3.9;3.34;0.1833;0.1719;2.51;0.1329;0.1433;283040;809426000;0;0.1068
BMKS3;249;4.97;0.55;6.315;0.0718;0.495;0.64;-28.67;0.72;12.73;14.27;-0.2202;12.697;36.02;-0.0628;0.1105;2683.05;206103000;0.01;0.0835
AFLT3;9.49;5;2.21;3.887;0.045;1.903;10.68;4.85;16.51;4.6;4.6;0.8013;0.7775;3.4;0.4412;0.441;8760.74;271493000;0;0.4135
DEXP3;7.11;5.01;1.2;0.307;0.0541;0.516;1.2;3.33;3.18;4.1;3.64;0.0921;0.0735;2.99;0.1873;0.2403;2229560;555602000;0.57;0.345
SAPR4;3.85;5.14;0.69;1.042;0.0614;0.36;6.45;2.83;-1.09;4.63;3.84;0.3677;0.2029;1.6;0.14;0.1347;11615900;8408830000;0.58;0.0771
CGRA3;30.8;5.14;0.74;0.882;0.1133;0.528;2;4.81;3.36;4.1;3.51;0.1833;0.1719;2.51;0.1329;0.1433;51408.2;809426000;0;0.1068
SAPR11;19.39;5.17;0.7;1.05;0.0599;0.362;6.5;2.86;-1.1;4.65;3.86;0.3677;0.2029;1.6;0.14;0.1347;25015800;8408830000;0.58;0.0771
RAPT3;8.5;5.23;1.01;0.258;0.0853;0.234;0.72;2.05;-6.73;4.07;3.45;0.1256;0.0662;2.04;0.16;0.1932;91113.6;2771960000;1.84;0.2895
ATOM3;2.35;5.4;2.09;1.597;0.0258;1.516;1.63;4.6;2.15;2.73;2.67;0.3469;0.2956;20.63;0.8722;0.3868;37837;26777000;0;0.7419
UNIP6;97.29;5.43;3.59;1.287;0.1869;1.566;6.38;3.47;-19.66;3.4;3.14;0.3712;0.2386;2.06;0.6493;0.6605;21403700;2818630000;0.51;0.2546
UNIP5;97.58;5.44;3.6;1.291;0.1863;1.57;6.39;3.48;-19.72;3.41;3.14;0.3712;0.2386;2.06;0.6493;0.6605;34980.4;2818630000;0.51;0.2546
CCRO3;11.37;5.45;1.86;1.245;0.0401;0.457;5.63;2.45;-0.93;4.62;3.73;0.5089;0.2282;1.47;0.2289;0.3419;171634000;12334300000;2.36;0.1371
BEES3;5.78;5.45;0.91;0;0.093;0;0;0;0;0;0;0;0;0;0;0.1667;121414;2009400000;0;0.0776
DXCO3;8.15;5.5;1.05;0.708;0.1429;0.4;3.81;4.09;-1.55;6.52;4.27;0.173;0.1288;1.41;0.1237;0.1909;43140100;5906810000;0.95;0.1849
ENBR3;21.31;5.56;1.05;0.689;0.1029;0.333;3.72;2.96;-0.89;5.5;4.59;0.2326;0.1346;1.48;0.1323;0.1891;75981300;11781000000;1.25;0.0789
BEES4;6;5.66;0.94;0;0.0896;0;0;0;0;0;0;0;0;0;0;0.1667;47290.2;2009400000;0;0.0776
KEPL3;22.38;5.68;3.19;1.162;0.0547;1.53;5.67;4.35;7.68;4.02;3.78;0.2674;0.2045;1.6;0.5076;0.5606;25254100;631379000;0.23;0.3282
CEEB5;35.05;5.7;1.64;0.642;0.2393;0.353;10.6;2.73;-0.64;6.4;5.25;0.2352;0.1126;1.17;0.143;0.2876;577.81;5601000000;2.45;0.1724
RAPT4;9.28;5.71;1.1;0.282;0.0781;0.255;0.78;2.24;-7.34;4.26;3.61;0.1256;0.0662;2.04;0.16;0.1932;20860000;2771960000;1.84;0.2895
HBOR3;2.31;5.74;0.23;0.365;0.0782;0.061;0.15;6.09;-11.67;31.91;22.09;0.0599;0.1033;2.95;0.0107;0.0395;2163430;1361990000;1.19;0.1621
BRSR6;10.03;5.76;0.46;0;0.1025;0;0;0;0;0;0;0;0;0;0;0.079;26883900;9004730000;0;0.0267
ABCB4;19.79;5.86;0.88;0;0.0646;0;0;0;0;0;0;0;0;0;0;0.1505;19266300;5070730000;0;0.3047
BMEB4;10.06;5.88;0.86;0;0.057;0;0;0;0;0;0;0;0;0;0;0.146;160984;1227450000;0;0.1628
PTBL3;8.31;5.89;2.57;0.53;0.0401;0.518;10.06;3.08;-1.52;4.62;3.78;0.1717;0.0899;1.13;0.225;0.4361;16016400;456086000;1.57;0.2234
RANI3;8.54;5.92;1.93;1.243;0.0775;0.777;6.73;3.75;-2.67;4.91;4.15;0.3312;0.2101;1.6;0.2623;0.3267;11143600;1088410000;0.96;0.1796
TRPL4;23.19;5.92;0.95;2.701;0.0075;0.476;3.98;4.45;-1.42;6.42;6.37;0.607;0.4651;5.29;0.1122;0.1607;46803400;16073700000;0.51;0.1887
ITSA4;8.83;5.92;1.21;9.782;0.0464;0.893;26.92;66.1;-8.35;71.8;44.25;0.148;1.733;1.4;0.0147;0.2043;286430000;70827000000;0.2;0.1537
POSI3;8.78;6;0.94;0.259;0.0387;0.292;0.81;3.82;1.8;6.93;6.1;0.0678;0.044;1.74;0.1113;0.1563;26524800;1326580000;1.09;0.2517
BMEB3;10.38;6.07;0.89;0;0.0502;0;0;0;0;0;0;0;0;0;0;0.146;15098;1227450000;0;0.1628
CSRN3;19.09;6.13;2.52;0.91;0.2304;0.568;17.92;4.06;-1.18;7.02;5.93;0.2241;0.1484;1.12;0.1655;0.4105;15007.5;1274000000;2.31;0.1486
ITSA3;9.23;6.19;1.26;10.225;0.0444;0.933;28.14;69.09;-8.73;74.79;46.09;0.148;1.733;1.4;0.0147;0.2043;2303250;70827000000;0.2;0.1537
BBDC3;13.18;6.25;0.9;0;0.0438;0;0;0;0;0;0;0;0;0;0;0.1432;147357000;1,57E+11;0;0.2442
CEEB3;38.5;6.26;1.8;0.705;0.2178;0.388;11.64;3;-0.7;6.67;5.47;0.2352;0.1126;1.17;0.143;0.2876;31133.4;5601000000;2.45;0.1724
ROMI3;14.34;6.33;1.14;0.772;0.0525;0.531;1.89;5.53;6.93;7.74;6.27;0.1396;0.1222;1.86;0.1149;0.1796;11713800;1016970000;0.61;0.2284
MELK3;3.42;6.41;0.59;0.674;0.0825;0.324;0.79;6.31;1.03;4.53;4.36;0.1068;0.1347;2.31;0.0619;0.0926;1186960;1198550000;0.11;0.5444
MLAS3;3.5;6.41;0.67;0.703;0.0352;0.417;0.74;-27.15;0.99;-31.34;-68.86;-0.0259;0.1097;3.34;-0.0192;0.1053;9141940;4258810000;0.22;0
BRSR3;11.2;6.44;0.51;0;0.0918;0;0;0;0;0;0;0;0;0;0;0.079;72715.6;9004730000;0;0.0267
LEVE3;28.75;6.44;2.24;0.911;0.1462;1.174;3.83;5.37;7.96;5.56;4.87;0.1696;0.1409;1.96;0.278;0.3478;5687360;1647100000;0.25;0.1337
AGRO3;27.5;6.45;1.24;1.655;0.1911;0.809;3.23;5.06;11.54;5.38;4.86;0.327;0.2568;2.51;0.2032;0.192;16821700;2274110000;0.29;0.3976
EKTR4;35.51;6.46;2.26;0.803;0.2218;0.665;6.23;3.48;-1.77;5.57;4.83;0.2306;0.1243;1.48;0.2281;0.3502;35153.7;3041000000;1.68;0.1179
PRNR3;6.41;6.47;0.97;0.363;0.0146;0.417;1.65;2.95;5.29;3.35;2.6;0.1232;0.0845;1.74;0.1823;0.1499;1440270;257316000;0.54;0.1843
BMGB4;2.25;6.51;0.34;0;0.2469;0;0;0;0;0;0;0;0;0;0;0.0525;3554920;3839060000;0;-0.1018
COCE5;43.55;6.53;0.91;0.382;0.0446;0.272;-4.34;2.3;-0.62;5.12;4.11;0.1661;0.0584;0.81;0.1375;0.1398;1899450;3710520000;1.2;0.1591
ENGI4;7.53;6.54;1.32;0.563;0.0828;0.257;5.43;2.52;-0.49;6.1;5.04;0.2235;0.0963;1.22;0.1173;0.2011;131822;11665100000;2.37;0.1568
CALI3;8.8;6.56;1.66;0.341;0.0491;0.146;0.42;4.08;-0.45;13.67;13.14;0.0836;0.052;2.44;0.0439;0.2533;4231.29;19711000;5.34;12.216
EQMA3B;24;6.64;1.25;0.776;0.0846;0.497;6;3.44;-1.68;4.66;3.88;0.2258;0.1169;1.37;0.173;0.1878;9541.69;3161970000;0.69;0.0955
EKTR3;36.87;6.71;2.35;0.834;0.1942;0.69;6.47;3.62;-1.84;5.71;4.94;0.2306;0.1243;1.48;0.2281;0.3502;353.86;3041000000;1.68;0.1179
CMIG4;11.13;6.72;1.16;0.701;0.124;0.449;7.82;5.03;-1.31;6.38;5.16;0.1395;0.1045;1.27;0.1037;0.1731;161619000;21073900000;0.54;0.1093
SHUL4;4.71;6.72;1.62;0.842;0.0317;0.728;1.73;5.79;7.29;7.04;5.8;0.1454;0.1253;2.84;0.1732;0.2403;1855940;1041630000;0.81;0.2273
CYRE3;13.82;6.75;0.82;1.031;0.0409;0.352;1.12;7.75;-22.53;10.19;9.16;0.133;0.1591;2.59;0.0558;0.1216;192842000;6732790000;0.65;0.1671
CSRN6;21;6.75;2.77;1.001;0.2304;0.625;19.72;4.47;-1.3;7.43;6.27;0.2241;0.1484;1.12;0.1655;0.4105;735.5;1274000000;2.31;0.1486
TAEE3;12.12;6.77;1.8;4.435;0.1753;0.702;4.74;5.64;-1.72;8.75;8.64;0.7869;0.6549;3.71;0.1372;0.2661;2209580;6950930000;1.22;0.2298
BRIV4;9.1;6.78;0.48;0;0.067;0;0;0;0;0;0;0;0;0;0;0.071;53087;1676120000;0;0.5995
SANB3;13.1;6.78;1.19;0;0.0815;0;0;0;0;0;0;0;0;0;0;0.1758;3698970;82397300000;0;0.1269
TAEE11;36.42;6.78;1.81;4.443;0.175;0.703;4.74;5.65;-1.72;8.75;8.65;0.7869;0.6549;3.71;0.1372;0.2661;96365300;6950930000;1.22;0.2298
TAEE4;12.2;6.82;1.81;4.465;0.1741;0.706;4.77;5.67;-1.73;8.78;8.68;0.7869;0.6549;3.71;0.1372;0.2661;3753420;6950930000;1.22;0.2298
CSRN5;21.23;6.82;2.8;1.012;0.2279;0.632;19.93;4.52;-1.31;7.48;6.31;0.2241;0.1484;1.12;0.1655;0.4105;4915.4;1274000000;2.31;0.1486
PTNT3;10.15;6.99;1.38;0.56;0.0314;0.559;3.19;8.21;19.4;10.54;7.21;0.0682;0.096;1.47;0.0895;0.1976;29800.2;353213000;0.72;0.154
CMIN3;3.6;7.1;1.5;1.653;0.2782;0.745;2.65;4.75;-11.7;4.38;3.56;0.3478;0.2329;2.77;0.2649;0.2113;39040800;13168100000;0.62;-0.4377
WLMM3;22.17;7.12;1.33;0.453;0.0424;1.093;2.59;6.94;3.19;6.3;6.09;0.0653;0.0636;5.14;0.1832;0.1875;582.62;605078000;0.02;0.282
SLCE3;44.75;7.12;1.98;1.034;0.0542;0.629;3.3;3.78;-3.25;4.97;4.66;0.2737;0.152;1.68;0.1976;0.2788;66360300;4788890000;0.91;0.362
BRIV3;9.59;7.14;0.51;0;0.0057;0;0;0;0;0;0;0;0;0;0;0.071;45156.2;1676120000;0;0.5995
SANB11;27.74;7.18;1.26;0;0.0808;0;0;0;0;0;0;0;0;0;0;0.1758;79356000;82397300000;0;0.1269
QUAL3;5.68;7.23;1.11;0.799;0.045;0.344;2.44;2.24;-0.88;4.39;2.81;0.3564;0.1159;1.88;0.1996;0.1543;34213600;1447140000;1.61;0.0124
ITUB3;22.36;7.23;1.38;0;0.0238;0;0;0;0;0;0;0;0;0;0;0.1913;21146900;1,58E+11;0;-0.4609
SMTO3;27.72;7.23;1.8;1.559;0.0263;0.543;3.56;4.97;-1.47;8.73;4.5;0.3138;0.2155;1.87;0.1269;0.2488;52047600;5452020000;1.71;0.174
CSUD3;11.85;7.25;1.37;0.94;0.0736;0.839;22.97;4.9;-10.11;4.91;3.05;0.1918;0.1296;1.14;0.2152;0.1883;1487290;362819000;0.24;0.0543
PLPL3;3.67;7.26;1.95;0.554;0.0439;0.511;0.75;2.63;3.66;3.26;3.01;0.2105;0.0763;4.51;0.2627;0.2693;3892780;383684000;1.21;0.0849
BBDC4;15.35;7.28;1.04;0;0.0413;0;0;0;0;0;0;0;0;0;0;0.1432;1067080000;1,57E+11;0;0.2442
CAML3;9.2;7.3;1.14;0.344;0.0401;0.389;1.23;5.81;-7.59;10.35;7.67;0.0592;0.0472;2.08;0.0948;0.1569;14368700;2892640000;1.39;0.2276
GETT4;2.34;7.36;1.21;1.303;0.0464;0.079;3.05;5.89;3.28;6.71;4.67;0.2213;0.1766;1.03;0.0136;0.1641;193002;3618060000;0.34;0
GETT3;2.35;7.39;1.21;1.309;0.042;0.079;3.07;5.91;3.29;6.73;4.69;0.2213;0.1766;1.03;0.0136;0.1641;156129;3618060000;0.34;0
CRPG5;27.4;7.51;0.87;0.871;0.0442;0.678;1.46;8.65;1.89;6.96;5.16;0.1007;0.1161;4.91;0.0969;0.1162;526492;911266000;0.01;0.1263
JOPA3;23;7.57;0.43;0.112;0.036;0.097;0.27;2.05;1.97;7.39;6.49;0.0546;0.0179;1.93;0.0734;0.0563;13641;571085000;2.35;0.2003
EVEN3;5.26;7.64;0.58;0.471;0.0425;0.173;0.4;4.37;1.15;3.34;3.22;0.1078;0.1051;2.48;0.0453;0.0754;7433390;1936160000;0.24;0.115
ENGI11;43.96;7.64;1.54;0.657;0.0709;0.3;6.34;2.94;-0.57;6.52;5.39;0.2235;0.0963;1.22;0.1173;0.2011;101531000;11665100000;2.37;0.1568
SANB4;14.8;7.66;1.35;0;0.0793;0;0;0;0;0;0;0;0;0;0;0.1758;4367190;82397300000;0;0.1269
LVTC3;5.45;7.69;0.54;0.329;0.0319;0.208;0.61;1.47;-6.68;0.72;0.43;0.2246;0.0429;2.37;0.1689;0.0708;961754;647900000;0;0
POMO3;2.11;7.69;0.66;0.424;0.0175;0.272;1.36;11.84;-9.56;20.37;12.12;0.0358;0.0502;1.57;0.0299;0.0853;332517;3045390000;0.78;0.0197
CPFE3;33.83;7.71;2.53;0.986;0.1165;0.591;-37.15;4.3;-1.08;6.42;5.45;0.2291;0.1309;0.93;0.155;0.3277;79667600;15423700000;1.53;0.0941
TRPL3;30.78;7.85;1.26;3.586;0.0056;0.632;5.28;5.91;-1.88;7.88;7.82;0.607;0.4651;5.29;0.1122;0.1607;71832.4;16073700000;0.51;0.1887
CRPG6;28.79;7.89;0.92;0.916;0.0421;0.712;1.54;9.09;1.99;7.4;5.48;0.1007;0.1161;4.91;0.0969;0.1162;44510.8;911266000;0.01;0.1263
WIZS3;7.73;7.92;2.85;1.41;0.0761;0.621;-12.91;3.19;-1.87;3.27;2.85;0.4416;0.2493;0.79;0.2274;0.3593;9291130;434444000;0.62;0.1241
RSUL4;82.99;7.97;3.97;1.282;0.0235;1.483;5.93;4.9;-16.78;4.72;4.45;0.2619;0.1608;1.87;0.3631;0.4979;119386;124136000;0.09;0.3021
TUPY3;28.98;8.12;1.34;0.433;0.0131;0.466;1.1;4.69;19.72;6.43;4.56;0.0923;0.0526;2.66;0.1553;0.1655;26068600;3107290000;1.13;0.1827
CSNA3;14.99;8.15;0.94;0.456;0.0609;0.241;2.04;1.82;-0.72;3.77;3.03;0.2507;0.0695;1.45;0.1804;0.1156;186240000;21112500000;1.76;0.2234
ALUP11;26.75;8.29;1.09;1.853;0.046;0.286;2.4;2.42;-0.67;5.09;4.86;0.7657;0.4051;2.86;0.1313;0.1316;22097400;7188600000;1.54;0.2727
ALUP4;9.04;8.4;1.11;1.879;0.0454;0.29;2.43;2.45;-0.68;5.12;4.9;0.7657;0.4051;2.86;0.1313;0.1316;141128;7188600000;1.54;0.2727
ITUB4;25.99;8.4;1.61;0;0.0205;0;0;0;0;0;0;0;0;0;0;0.1913;1367230000;1,58E+11;0;-0.4609
ALUP3;9.05;8.41;1.11;1.881;0.0453;0.291;2.44;2.46;-0.68;5.12;4.9;0.7657;0.4051;2.86;0.1313;0.1316;95233.7;7188600000;1.54;0.2727
BRGE12;9;8.44;0.51;166.286;0;0.199;0.59;-0.96;1.4;1.06;1.07;-173.134;291.714;2.33;-0.3555;0.0609;10270.4;1290420000;0;-0.4027
BSLI4;12.98;8.44;1.94;0;0.1053;0;0;0;0;0;0;0;0;0;0;0.2293;6794.31;2434960000;0;-0.0035
ALLD3;6.75;8.52;0.42;0.116;0.1286;0.168;0.6;3.5;2.32;6.46;4.57;0.0331;0.0136;1.72;0.0729;0.0488;386083;1512190000;0.42;-0.0549
REDE3;6.27;8.63;3.15;0.835;0.0833;0.52;6.15;3.58;-1.1;5.91;5;0.2331;0.1314;1.41;0.1658;0.3648;9163.33;4202200000;2.55;0.1291
BRSR5;15.04;8.64;0.68;0;0.0699;0;0;0;0;0;0;0;0;0;0;0.079;3083.95;9004730000;0;0.0267
COCE3;57.7;8.66;1.21;0.506;0.0337;0.361;-5.75;3.04;-0.82;5.87;4.71;0.1661;0.0584;0.81;0.1375;0.1398;137.38;3710520000;1.2;0.1591
WLMM4;27.17;8.72;1.64;0.555;0.038;1.339;3.18;8.51;3.91;7.87;7.61;0.0653;0.0636;5.14;0.1832;0.1875;37134.4;605078000;0.02;0.282
BRBI11;12.75;8.76;1.77;0.937;0.0634;0.247;1.8;6.13;1.95;2.24;2.22;0.1528;0.107;1.16;24.306;0.2018;1434170;757523000;5.91;0
BRGE8;9.39;8.81;0.54;173.491;0.0336;0.208;0.61;-1;1.46;1.01;1.03;-173.134;291.714;2.33;-0.3555;0.0609;3863.57;1290420000;0;-0.4027
POMO4;2.43;8.86;0.76;0.488;0.0152;0.314;1.57;13.63;-11.01;22.16;13.19;0.0358;0.0502;1.57;0.0299;0.0853;18327700;3045390000;0.78;0.0197
BOAS3;4.45;8.89;1.07;2.761;0.0178;0.893;1.91;9.57;2.15;4.26;2.49;0.2886;0.3105;5.23;0.1965;0.1201;8993200;2217810000;0.01;0.1624
BRGE11;9.5;8.91;0.54;175.524;0.0398;0.21;0.62;-1.01;1.48;1;1.02;-173.134;291.714;2.33;-0.3555;0.0609;2669.6;1290420000;0;-0.4027
BPAC5;5.57;8.96;1.52;0;0.0316;0;0;0;0;0;0;0;0;0;0;0.1693;76401.3;42262000000;0;0.457
BGIP4;18.18;9.05;0.48;0;0.0603;0;0;0;0;0;0;0;0;0;0;0.0528;3755.9;582335000;0;0.0015
PRIO3;34.65;9.05;3.31;4.267;0;1.535;3.15;7.04;69.5;7.01;5.75;0.6061;0.4717;7.82;0.422;0.366;441882000;9237920000;0.99;0.7157
DMVF3;4.19;9.08;0.25;0.151;0;0.147;3.18;1.74;-1.05;1.54;0.85;0.0871;0.0167;1.2;0.1024;0.0276;287556;846554000;0.03;0.2918
VULC3;12.47;9.1;1.9;1.267;0.0297;1.291;3.06;7.96;3.62;8.35;6.92;0.1592;0.1393;2.65;0.1904;0.2091;6993540;1610780000;0.22;0.1767
CURY3;10.67;9.11;4.22;1.436;0.0644;1.118;2.99;6.71;25.67;6.33;6.49;0.214;0.1609;2.05;0.2268;0.463;22326300;738300000;0.62;0.3615
CIEL3;4.78;9.14;1.2;1.645;0.0523;0.126;1.02;6.59;79.8;8.26;5.73;0.2499;0.18;1.16;0.0707;0.1308;169946000;10854700000;0.61;-0.1083
CSMG3;15.46;9.19;0.82;0.957;0.0249;0.471;905.26;5.22;-1.72;7.9;4.67;0.1834;0.104;1;0.0955;0.0889;33054400;7191000000;0.48;0.0721
EZTC3;15.32;9.26;0.76;3.431;0.0518;0.613;1.74;20;2.4;17.57;16.56;0.1715;0.3912;5.47;0.0371;0.0818;37941000;4470660000;0.11;0.3057
BEEF3;12.68;9.27;12.38;0.243;0.0443;0.361;1.29;3.05;-1.25;5.61;4.85;0.0798;0.0263;1.7;0.2628;13.361;101562000;621997000;23.22;0.1994
RPAD6;6.9;9.28;0.55;0;0.0001;0.543;9.37;-136.81;9.38;-121.48;-121.48;0;0;14.72;-0.0042;0.0587;3553;1072040000;0;-0.3135
MRVE3;8.31;9.32;0.65;0.584;0.0671;0.176;0.73;20.94;-0.75;53.27;31.04;0.0279;0.074;2.11;0.009;0.0694;155245000;6209620000;1.11;0.067
BRGE5;10;9.38;0.57;184.762;0;0.221;0.65;-1.07;1.55;0.95;0.96;-173.134;291.714;2.33;-0.3555;0.0609;234.74;1290420000;0;-0.4027
RPAD5;7;9.41;0.55;0;0.0807;0.551;9.5;-138.79;9.52;-123.46;-123.46;0;0;14.72;-0.0042;0.0587;480.79;1072040000;0;-0.3135
CRIV3;5.18;9.47;0.5;0;0.0048;0;0;0;0;0;0;0;0;0;0;0.0532;17138.5;1057520000;0;0.0252
LAVV3;5.1;9.52;0.89;1.967;0.1209;0.568;0.94;11.74;1.1;6.21;6.15;0.1676;0.2445;3.65;0.0675;0.0935;5383810;1143130000;0;-0.2382
CXSE3;8.15;9.59;2.08;0;0.0796;2.053;19.09;-269.29;19.11;-255.27;-255.3;0;0;9.23;-0.0085;0.2169;22643100;11753200000;0;0
VBBR3;16.46;9.61;1.52;0.109;0.0363;0.485;1.73;3.99;-2.98;6.7;6.01;0.0273;0.0114;2.19;0.1456;0.158;182672000;12636000000;1.28;0.1496
GRND3;6.4;9.69;1.35;2.274;0.0602;1.223;2.27;18.63;2.32;15.32;11.85;0.1221;0.2348;7.35;0.089;0.1396;10186500;4269370000;0.03;0.0312
BMIN4;13.3;9.69;0.48;0;0.0639;0;0;0;0;0;0;0;0;0;0;0.0494;1170.64;134104000;0;0.1533
HAGA3;2.93;9.75;-0.56;1.221;0;0.589;1.68;-10.45;-0.48;-7.18;-13.2;-0.1168;0.1253;1.72;-0.1644;-0.057;95721.3;-62754000;-0.43;0.1208
CGAS5;129.87;10.04;10.34;1.046;0.2115;1.328;8.2;6.18;-2.92;8.07;6.87;0.1692;0.1042;1.64;0.2846;10.302;476191;1663730000;4.04;0.2278
CRIV4;5.55;10.15;0.54;0;0.0831;0;0;0;0;0;0;0;0;0;0;0.0532;17934.5;1057520000;0;0.0252
CGAS3;132;10.21;10.51;1.063;0.1891;1.35;8.33;6.28;-2.96;8.17;6.96;0.1692;0.1042;1.64;0.2846;10.302;34718;1663730000;4.04;0.2278
TGMA3;20.45;10.23;1.83;1.066;0.0549;1.304;4.87;8.3;6.8;8.24;7.26;0.1285;0.1043;2.26;0.1875;0.1793;6821590;736379000;0.17;-0.0176
RECV3;28.55;10.24;2.28;3.366;0.0049;1.281;7.66;7.81;-19.14;6.67;5.17;0.431;0.3288;1.82;0.2453;0.2225;76905500;3671860000;0.18;0
RPAD3;7.66;10.3;0.61;0;0.0001;0.602;10.4;-151.88;10.42;-136.55;-136.55;0;0;14.72;-0.0042;0.0587;1433.76;1072040000;0;-0.3135
SBFG3;15.07;10.4;1.58;0.616;0.0078;0.482;2.34;8.43;-2.16;13.83;7.65;0.0731;0.0591;1.77;0.0677;0.1523;36207100;2317740000;1.13;0.4828
TTEN3;10.84;10.46;2.07;0.845;0.0014;0.923;3.36;15.34;5.41;15.12;13.76;0.0551;0.0808;1.61;0.1304;0.1984;17346900;2592340000;0.44;0
SOJA3;10.55;10.49;1.69;0.832;0.0104;0.738;2.84;10.17;3.96;10.7;10.51;0.0818;0.0793;1.58;0.1347;0.1608;3053060;732501000;0.66;0.7023
FIQE3;3.5;10.5;1.27;2.007;0.0477;0.667;3.24;7.91;-9.09;6.42;3.35;0.2539;0.1913;2.05;0.1322;0.1214;1818610;994630000;0.38;0
CMIG3;17.52;10.57;1.83;1.104;0.0788;0.707;12.3;7.91;-2.06;9.27;7.49;0.1395;0.1045;1.27;0.1037;0.1731;7948300;21073900000;0.54;0.1093
OFSA3;24;10.61;1.78;1.31;0.0224;0.99;2.31;8.65;5.63;10.25;8.48;0.1515;0.1234;3.22;0.1411;0.1681;299115;726058000;0.55;0.1546
BTTL3;20.19;10.68;7.92;0.546;0;1.535;19.75;9.55;-5.67;9.95;7.79;0.0571;0.0511;1.17;0.2256;0.7412;395854;37891000;1.12;0.3972
CEED4;40;10.68;-0.98;0.594;0;0.439;1145.16;5.69;-0.39;9.97;7.42;0.1044;0.0556;1;0.0939;-0.0922;2571.43;-2772020000;-0.95;0.6824
ODPV3;8.43;10.78;3.97;2.558;0.0352;2.253;-33.42;7.57;-17.08;7.01;6.41;0.3377;0.2365;0.82;0.3627;0.3685;24245700;1206080000;0;0.0432
UGPA3;13.2;10.84;1.35;0.111;0.0442;0.432;2.48;6.43;-2.65;9.87;7.66;0.0172;0.0105;1.53;0.1037;0.1245;106454000;10911400000;1.26;0.1048
EQPA3;6.8;10.86;3.45;1.738;0.0191;1.182;8.92;6.42;-4.1;7.4;6.35;0.2708;0.1601;1.56;0.2378;0.318;110060;4349990000;0.97;0.1306
AZEV4;1.63;10.87;1.01;0.39;0;0.254;-3.91;-1.74;-0.6;-2.17;-3.2;-0.2238;0.0359;0.83;-0.162;0.0928;688444;124647000;0.38;0.8563
CEED3;40.9;10.92;-1.01;0.607;0;0.449;1170.92;5.82;-0.4;10.1;7.51;0.1044;0.0556;1;0.0939;-0.0922;8162.9;-2772020000;-0.95;0.6824
AZEV3;1.65;11;1.02;0.395;0;0.257;-3.96;-1.76;-0.61;-2.19;-3.24;-0.2238;0.0359;0.83;-0.162;0.0928;246139;124647000;0.38;0.8563
JSLG3;6.02;11.16;1.24;0.303;0.0623;0.232;1.62;2.88;-0.46;8.9;6.03;0.1051;0.0272;1.87;0.0924;0.1113;3806590;1388340000;3.07;-0.2958
BRGE3;11.98;11.24;0.68;221.344;0;0.265;0.78;-1.28;1.86;0.74;0.75;-173.134;291.714;2.33;-0.3555;0.0609;5547.43;1290420000;0;-0.4027
BBSE3;30.7;11.24;6.49;0;0.0639;4.407;0;9.58;0;0;0;0;0;0;0;0.5776;232648000;9460890000;0;0
BRGE6;12.06;11.31;0.69;222.823;0.0627;0.267;0.79;-1.29;1.87;0.73;0.74;-173.134;291.714;2.33;-0.3555;0.0609;129.91;1290420000;0;-0.4027
VIVT3;38.73;11.61;0.94;1.385;0.0881;0.531;-17.59;11.43;-2.02;13.84;4.34;0.1212;0.1186;0.85;0.0523;0.081;125695000;69092700000;0.29;0.0149
TRIS3;3.58;11.61;0.53;0.919;0.0614;0.29;0.62;6.77;1.53;11.37;11.2;0.1357;0.0826;3.93;0.0488;0.046;5159700;1250420000;0.54;0.0854
ENGI3;13.6;11.82;2.38;1.017;0.0458;0.465;9.81;4.55;-0.89;8.13;6.72;0.2235;0.0963;1.22;0.1173;0.2011;86243.5;11665100000;2.37;0.1568
DIRR3;13.97;11.87;1.54;0.99;0.0336;0.337;0.86;5.25;-1.5;6.08;5.35;0.1886;0.1158;3.92;0.081;0.13;40317300;1358120000;1.11;0.1927
BSLI3;18.26;11.88;2.72;0;0.0681;0;0;0;0;0;0;0;0;0;0;0.2293;3304.86;2434960000;0;-0.0035
SIMH3;7.47;11.88;2.26;0.297;0.0826;0.106;0.46;1.28;-0.21;6.52;4.89;0.2314;0.0483;2.4;0.1232;0.1903;32850200;2770200000;14.77;0.6992
MTRE3;4.11;11.92;0.44;0.653;0.0797;0.212;0.44;11.36;0.95;15.43;13.74;0.0575;0.0593;2.92;0.0227;0.0366;2352320;995189000;0.47;0.3257
BRKM5;28.96;12.12;2.66;0.218;0.3189;0.25;1.73;1.79;-0.49;3.47;2.54;0.122;0.0145;1.53;0.198;0.2193;121192000;8689360000;4.12;0.2027
BRKM3;29.04;12.15;2.66;0.219;0.318;0.251;1.74;1.8;-0.49;3.47;2.55;0.122;0.0145;1.53;0.198;0.2193;707919;8689360000;4.12;0.2027
VITT3;12.11;12.17;2.61;1.941;0.0188;1.799;5.19;9.92;4.89;10.97;10.18;0.1958;0.158;2.06;0.2054;0.2145;2241440;663557000;0.4;0.2633
JOPA4;37.5;12.34;0.69;0.182;0.0243;0.159;0.44;3.34;3.21;8.68;7.62;0.0546;0.0179;1.93;0.0734;0.0563;258.55;571085000;2.35;0.2003
BRKM6;29.5;12.34;2.71;0.222;0.0205;0.255;1.76;1.82;-0.5;3.5;2.57;0.122;0.0145;1.53;0.198;0.2193;7046.88;8689360000;4.12;0.2027
MEGA3;10.01;12.58;1.37;2.918;0;0.364;-47.58;14.19;-0.65;30.9;16.71;0.2057;0.232;0.96;0.0288;0.1088;17789000;4167020000;1.97;0
MILS3;10.89;12.62;2.23;2.725;0.0182;1.356;5.26;9.39;281.31;9.88;6.25;0.2904;0.2159;2.87;0.1924;0.1766;14748600;1203750000;0.46;0.3865
BPAN4;7.03;12.64;1.18;0;0.0323;0;0;0;0;0;0;0;0;0;0;0.0932;29158200;7791630000;0;0.1748
MRSA3B;26;12.7;1.61;1.703;0;0.609;-91.64;5.94;-1.34;7.97;4.56;0.2867;0.1342;0.96;0.1179;0.1271;428.62;5477760000;0.82;0.0974
BRML3;8.61;13.15;0.64;5.218;0.0062;0.389;8.62;8.08;-1.28;10.57;9.8;0.6457;0.4436;2.1;0.0516;0.049;134679000;11071900000;0.31;0.0038
BPAC11;24.65;13.21;2.24;0;0.0214;0;0;0;0;0;0;0;0;0;0;0.1693;375525000;42262000000;0;0.457
EQPA5;8.3;13.25;4.22;2.122;0.0157;1.443;10.89;7.83;-5;8.82;7.56;0.2708;0.1601;1.56;0.2378;0.318;152.05;4349990000;0.97;0.1306
EQTL3;27.5;13.29;1.91;1.138;0.0233;0.438;4.84;5;-0.9;8.76;7.41;0.2277;0.1018;1.54;0.1032;0.1434;232169000;16283100000;1.91;0.2549
SBSP3;60.09;13.48;1.5;1.939;0.0157;0.734;17.84;9.24;-1.91;12.7;8.25;0.2097;0.1438;1.48;0.085;0.1114;337086000;27355300000;0.69;0.0751
PSSA3;23.19;13.48;1.51;0.576;0.05;0.306;7.14;0.69;-2;0.23;0.23;0.8342;0.0429;1.07;0.5566;0.1117;49103800;9953770000;0;0.0952
BGIP3;27.19;13.53;0.71;0;0.0367;0;0;0;0;0;0;0;0;0;0;0.0528;538.57;582335000;0;0.0015
EQPA7;8.5;13.57;4.32;2.173;0.0153;1.478;11.15;8.02;-5.12;9.01;7.73;0.2708;0.1601;1.56;0.2378;0.318;101.19;4349990000;0.97;0.1306
MRSA5B;28;13.67;1.74;1.834;0.0184;0.656;-98.69;6.4;-1.44;8.43;4.82;0.2867;0.1342;0.96;0.1179;0.1271;304.76;5477760000;0.82;0.0974
PATI3;42.86;13.7;1.13;0.412;0.0679;0.497;0.93;11.98;1.74;12.24;10.88;0.0344;0.0301;2.74;0.0801;0.0823;6660.88;910125000;0.75;0.3067
GMAT3;6.03;14.05;1.86;0.661;0;1.075;2.35;11.65;4.88;13.81;10.85;0.0568;0.0478;3.57;0.1115;0.1326;51785800;7148330000;0.44;0.3358
WHRL3;5.08;14.1;3.12;0.698;0;0.943;14.78;9.89;-533.52;9.28;7.63;0.0706;0.0497;1.1;0.2138;0.2216;14338.4;2443420000;0.33;0.1447
BMIN3;19.5;14.21;0.7;0;0;0;0;0;0;0;0;0;0;0;0;0.0494;144.05;134104000;0;0.1533
CRFB3;15.76;14.23;1.66;0.349;0.0168;0.405;-16.7;7.73;-1.3;11.96;8.82;0.0452;0.027;0.95;0.0643;0.1165;114008000;19994000000;1.04;0.1558
WHRL4;5.14;14.27;3.16;0.706;0;0.954;14.95;10.01;-539.83;9.4;7.72;0.0706;0.0497;1.1;0.2138;0.2216;41988.1;2443420000;0.33;0.1447
GUAR3;7.42;14.56;0.72;0.443;0.0742;0.268;1.35;12.45;-6.17;20.1;6.76;0.0356;0.0304;1.51;0.0251;0.0493;12905800;5158500000;0.68;0.0265
EMAE4;41.08;14.57;1.64;2.839;0.0215;0.803;2.99;367.5;-4.43;273.07;113.89;0.0077;0.1948;5.49;0.0028;0.1123;224204;927120000;0;0.1894
GEPA3;23;14.59;1.05;1.605;0;0.578;-4.74;6.18;-1.63;8.41;5.49;0.2597;0.11;0.44;0.1125;0.0722;7010.33;2063530000;0.46;-0.0039
TIMS3;13.07;14.73;1.25;1.543;0.0476;0.579;-32.11;9.15;-1.58;9.47;3.32;0.1685;0.1047;0.9;0.0738;0.0849;134490000;25295800000;0.19;0.0926
ENMT3;81.84;14.79;5.28;2.402;0.0433;1.529;30.44;9.16;-3.54;11.25;10.03;0.2622;0.1624;1.22;0.1838;0.3568;65392.5;3395870000;1.39;0.1606
ENMT4;81.84;14.79;5.28;2.402;0.0433;1.529;30.44;9.16;-3.54;11.25;10.03;0.2622;0.1624;1.22;0.1838;0.3568;39826.6;3395870000;1.39;0.1606
BMOB3;14.35;14.93;1.23;0.92;0.0141;0.935;2.07;13.1;2.33;7.61;4.68;0.0702;0.0616;3.42;0.1368;0.0821;9169020;1063710000;0;37.427
CRPG3;55;15.07;1.75;1.749;0.022;1.36;2.94;17.37;3.8;15.68;11.62;0.1007;0.1161;4.91;0.0969;0.1162;130.95;911266000;0.01;0.1263
STBP3;7.43;15.27;3;3.366;0.1216;1.293;12.37;11.87;-3.6;11.08;7.85;0.2835;0.2204;1.99;0.1323;0.1964;39773100;2139970000;0.15;0.2003
DOHL4;4.36;15.28;0.47;0.515;0.0303;0.341;0.79;32.29;1.28;37.16;13.77;0.0159;0.0337;5.08;0.0114;0.0305;20438.1;708641000;0.13;0.096
FRAS3;11;15.49;1.65;0.991;0.0237;0.791;1.95;7.72;8.03;7.5;5.77;0.1284;0.0634;2.92;0.162;0.1066;6176300;1798950000;0.52;0.3216
GEPA4;24.49;15.53;1.12;1.709;0;0.616;-5.05;6.58;-1.74;8.81;5.75;0.2597;0.11;0.44;0.1125;0.0722;18473.2;2063530000;0.46;-0.0039
GGPS3;12.53;15.6;3.34;0.969;0;1.119;4.78;10.75;-6.64;11.48;9.25;0.0902;0.0528;1.89;0.128;0.2142;23515600;2510920000;0.74;0
FLRY3;17.16;15.7;2.85;1.25;0.0469;0.805;10.83;7.35;-1.81;11.18;7.03;0.1701;0.08;1.38;0.13;0.1816;54300700;1914900000;1.89;0.1422
VIVA3;22.49;16.09;3.35;2.848;0.0146;1.982;5.48;15.56;13.15;15.63;11.97;0.1831;0.1771;2.83;0.1496;0.2084;35095600;1584370000;0.15;0.3699
BLAU3;28.65;16.39;2.92;3.697;0.0278;2.106;3.98;12.13;4.99;11.08;10.5;0.3048;0.2238;4.07;0.2808;0.1782;12161100;1759860000;0.18;0.1352
ALSO3;17.82;16.41;0.68;4.37;0.0215;0.384;1.99;8.27;-4.12;3.67;2.76;0.5282;0.3209;3.98;0.0593;0.0417;39076600;6924050000;0;0.3165
VVEO3;16.02;16.48;2;0.592;0.0253;0.555;1.88;9.27;-3.82;12.36;9.53;0.0639;0.0359;2.05;0.0888;0.1213;5846320;2292800000;1.3;0
PORT3;10.59;16.56;1.96;1.681;0.042;0.798;31.34;6.67;-1.84;10.2;7.44;0.2518;0.1064;1.19;0.1297;0.1182;3625730;2379580000;1.18;0
PATI4;51.99;16.62;1.37;0.5;0.056;0.603;1.12;14.53;2.11;14.79;13.15;0.0344;0.0301;2.74;0.0801;0.0823;123.79;910125000;0.75;0.3067
PARD3;22.14;16.94;3.03;1.402;0.0266;1.214;346.75;8.95;-4.1;9.49;6.59;0.1567;0.083;1.01;0.1587;0.1788;15728300;957428000;0.34;0.1651
B3SA3;12.05;17.04;3.6;7.351;0.0494;1.507;10.33;13.1;-7.47;12.31;10.36;0.5612;0.4315;1.62;0.176;0.2113;853774000;20417500000;0.6;0.2392
DESK3;9.12;17.17;0.86;1.251;48.636;0.329;9.71;5.02;-0.76;8.65;5.28;0.2494;0.0853;1.23;0.077;0.0503;2313210;920907000;0.95;0
RDNI3;6.79;17.24;0.47;0.45;0.0084;0.137;1.4;7.52;-0.37;21.35;19.26;0.0598;0.0372;1.43;0.0192;0.027;124962;638829000;0.95;0.2937
EGIE3;39.19;17.28;3.97;2.763;0.0719;0.806;16.55;5.59;-1.44;8.19;6.87;0.4946;0.16;1.26;0.1619;0.23;75073500;8044930000;2.32;0.1027
PINE4;1.85;17.31;0.4;0;0;0;0;0;0;0;0;0;0;0;0;0.0232;235870;857607000;0;0.1729
HYPE3;44.66;17.45;2.7;4.012;0.0276;1.255;8.54;12.1;-6.15;14.94;14;0.3315;0.23;1.8;0.1177;0.1545;190432000;10492700000;0.84;0.1963
TFCO4;11;18.15;5.53;3.291;0.0116;3.398;6.75;14.62;10.02;14.92;14.29;0.2251;0.1814;3.27;0.2826;0.3045;2953810;317938000;0.28;0.3197
MULT3;22.6;18.25;2.07;7.839;0.0403;1.236;98.11;12.61;-5.21;14.36;11.99;0.6216;0.4295;1.08;0.1109;0.1137;131410000;6543650000;0.46;0.0628
PNVL3;10.49;18.47;1.45;0.415;0.018;0.614;2.53;15.03;-33.99;22.04;7.98;0.0276;0.0225;1.77;0.0516;0.0783;5960410;1091000000;0.82;0.1238
ENEV3;12.42;18.58;1.42;3.582;0;0.61;2.94;15.58;-2.93;20.06;13.53;0.2299;0.1926;2.34;0.0568;0.0764;169740000;13871700000;1.05;0.1653
ABEV3;15.77;18.96;2.75;3.143;0.0383;1.748;37.76;16.15;-27.73;15.1;11.2;0.1947;0.1715;1.19;0.1498;0.1452;464930000;90178000000;0.03;0.1298
MERC4;7.41;19.05;0.53;0;0.0616;0;0;0;0;0;0;0;0;0;0;0.0279;2826.79;251336000;0;-0.2646
ASAI3;19.21;19.32;7.21;0.517;0.0065;0.711;-21.09;7.3;-1.26;9.53;7.62;0.0708;0.0268;0.91;0.1547;0.373;280222000;3595000000;3.38;0.9731
LREN3;23.97;19.36;2.42;1.807;0.0255;1.14;4.04;8.43;11.06;8.07;5.93;0.2145;0.0933;1.8;0.1882;0.1252;386541000;9790800000;0.35;0.1091
JPSA3;29.02;20.27;1.93;4.667;0.0029;0.468;2.34;12.96;-1.68;20.35;12.83;0.3602;0.4631;5.31;0.0456;0.0951;7666510;1762140000;1.94;0.0101
PGMN3;4.48;20.34;0.88;0.235;0;0.247;1.52;5.59;-1.15;8.46;4.28;0.0419;0.0115;1.47;0.0578;0.0434;4084090;2253080000;0.57;0.0826
ECOR3;4.4;20.35;1.36;0.564;0;0.17;-4.44;2.32;-0.24;9.51;6.56;0.2433;0.024;0.81;0.0866;0.0668;28542800;2253490000;5.34;0.1365
MDIA3;37.13;20.39;1.91;1.321;0.0524;1.126;5.14;16.76;71.76;18.93;13.4;0.0788;0.0648;2.06;0.0778;0.0936;52665300;6592030000;0.31;0.1269
CSAN3;16.79;21.55;1.97;0.881;0.0477;0.278;2.65;6.06;-0.69;13.73;8.9;0.1453;0.0552;1.51;0.0556;0.0915;262950000;15968600000;3.46;0.3715
ALPA3;13.79;21.58;1.61;2.374;0.0091;1.191;6.95;15.46;8.61;15.69;12.88;0.1536;0.109;1.76;0.0864;0.0745;141388;5860170000;0.07;0.0048
BPAC3;13.66;21.97;3.72;0;0.0129;0;0;0;0;0;0;0;0;0;0;0.1693;117160;42262000000;0;0.457
ELET3;45.33;22.22;0.94;2.777;0.0111;0.391;5.54;16.39;-0.94;22.03;15.35;0.1694;0.1258;1.76;0.0261;0.0421;589520000;1,11E+11;0.5;0.0498
ARZZ3;86.86;22.65;3.66;2.384;0.0188;2.157;12.1;19.78;20.35;19.5;15.19;0.1205;0.1046;1.53;0.1488;0.1617;130080000;2614130000;0.16;0.2738
CPLE3;7.31;22.77;0.95;0.874;0.0778;0.401;5.34;5.38;-1.12;7.8;5.81;0.1624;0.0403;1.54;0.0856;0.0419;10237100;20969700000;0.64;0.1289
LOGN3;30.64;23.43;5.59;1.71;0;1.071;5.96;10.91;-2.42;13.76;8.99;0.1567;0.073;1.97;0.1336;0.2385;7041270;583882000;2.64;0.1705
ELET6;48.58;23.82;1;2.976;0.0216;0.419;5.94;17.57;-1.01;23.21;16.17;0.1694;0.1258;1.76;0.0261;0.0421;173036000;1,11E+11;0.5;0.0498
INTB3;31.17;24.33;4.78;2.604;0.0117;2.337;6.34;22.48;11.2;21.94;19.41;0.1158;0.1066;2.06;0.1752;0.1966;40518600;2134790000;0.31;0.3752
VAMO3;12.79;24.6;3.59;3.029;0.0146;0.855;6.01;9.47;-2.03;12.58;10.43;0.32;0.1229;1.72;0.1331;0.1458;54098600;3655760000;2.04;0.7507
LPSB3;2.14;24.81;1.6;1.578;0.0353;0.778;7.61;11.53;-3.31;9.28;6.05;0.1368;0.1476;1.58;0.0813;0.0646;808713;196834000;0;0.2059
HBTS5;30.11;24.82;0.55;1.686;0.0384;0.197;6.88;4.05;-0.37;6.94;6.81;0.4163;0.0678;1.35;0.0511;0.0222;5007.67;499826000;0.51;10.443
CPLE11;39.94;24.89;1.04;0.955;0.0769;0.438;5.83;5.88;-1.22;8.3;6.18;0.1624;0.0403;1.54;0.0856;0.0419;21012300;20969700000;0.64;0.1289
ALPA4;16.1;25.2;1.88;2.772;0.0086;1.39;8.11;18.05;10.05;18.28;15;0.1536;0.109;1.76;0.0864;0.0745;78795400;5860170000;0.07;0.0048
MATD3;7.35;25.29;1.71;1.826;0.0122;0.583;3.65;8.92;-1.48;11.28;9.14;0.2046;0.0835;2.75;0.0747;0.0678;4659280;1639180000;0.75;0
CPLE6;8.17;25.45;1.07;0.977;0.0766;0.448;5.97;6.01;-1.25;8.43;6.28;0.1624;0.0403;1.54;0.0856;0.0419;129940000;20969700000;0.64;0.1289
MODL3;2.47;25.48;1.35;0;0.0308;0;0;0;0;0;0;0;0;0;0;0.0531;12099600;1285040000;0;0
VLID3;9.1;25.7;0.6;0.359;0.0312;0.245;1.03;2.34;-4.78;4.56;3.28;0.1537;0.0126;1.83;0.1268;0.0233;2768530;1273440000;0.87;0.0584
APER3;28.51;28.62;1.19;2.536;0.0019;0.722;6.62;7.55;-6.93;5.7;4.6;0.3356;0.0889;1.6;0.1192;0.0416;541413;468023000;0;0.2419
SOMA3;11.24;28.67;1.19;1.865;0.0081;0.847;5.75;17.74;83.68;19.68;13.75;0.1051;0.065;1.98;0.0524;0.0415;91836700;7413640000;0.15;13.081
AMBP3;23.48;28.77;2.57;0.808;0.0129;0.329;1.21;4.7;-0.88;10.16;6.56;0.172;0.0422;2.37;0.1032;0.0892;31591900;1033460000;5.28;12.466
LIPR3;70;30.74;3.83;0;0.026;3.233;23.34;-140.92;33.85;-129.98;-129.98;0;0;2.23;-0.0306;0.1246;1648.26;215087000;0;0
RENT3;58.46;31.16;2.82;3.946;0.0157;0.893;68.6;14.25;-1.98;20;14.85;0.2769;0.1266;1.06;0.0814;0.0906;531548000;20329700000;1.44;0.1584
CSED3;3.89;31.47;1.03;0.746;0.0337;0.312;2.73;4.54;-0.7;4.98;2.98;0.1644;0.0237;1.84;0.0865;0.0328;2407790;1439340000;0.75;0.1024
RAIZ4;4.05;32.07;1.92;0.175;0.0201;0.397;3.74;9.78;-1.33;18.73;6.09;0.0179;0.0059;1.28;0.0525;0.06;59390300;21793200000;2.07;0.5321
RRRP3;35.4;33;1.66;4.696;0;0.891;8.36;13.94;-3.89;13.39;9.25;0.337;0.1503;1.88;0.0785;0.0503;193386000;4318780000;0.24;13.336
ARML3;12;33.61;3.64;4.949;0.024;1.197;5.43;14.73;-3.65;18.37;12.96;0.3361;0.1473;2.79;0.1213;0.1085;6902000;1139270000;1.66;26.972
DOHL3;10;35.05;1.07;1.181;0.012;0.782;1.82;74.07;2.93;78.93;29.25;0.0159;0.0337;5.08;0.0114;0.0305;457.81;708641000;0.13;0.096
CEPE5;40.12;36.07;2.11;0.375;0.1066;0.223;1.85;2.93;-0.37;9.21;6.78;0.1278;0.0104;1.68;0.0894;0.0585;1149.83;1420000000;5.4;0.1456
TOTS3;28.85;37.81;4.01;4.697;0.008;1.68;5.8;13.43;46.13;12.81;10.81;0.3497;0.1308;1.96;0.1669;0.106;152303000;4441630000;0.39;0.1379
CEPE6;43;38.65;2.26;0.402;0.1094;0.239;1.98;3.14;-0.4;9.42;6.94;0.1278;0.0104;1.68;0.0894;0.0585;294.43;1420000000;5.4;0.1456
MERC3;15.11;38.85;1.08;0;0;0;0;0;0;0;0;0;0;0;0;0.0279;401.17;251336000;0;-0.2646
RADL3;22.47;42.12;7.35;1.34;0.0116;2.246;11.78;23.13;-16.7;24.31;12.84;0.0579;0.0326;1.52;0.1294;0.1744;193661000;5052790000;0.45;0.179
WEGE3;39.1;42.2;11.81;5.765;0.0126;5.925;18.74;31.67;26.73;31.61;28.57;0.1821;0.1387;1.81;0.245;0.2799;331887000;13894500000;0.28;0.2656
RDOR3;29.64;43.44;4.37;2.664;0.0142;1.062;3.92;14.53;-3.43;18.38;13.69;0.1833;0.0625;2.76;0.0987;0.1006;200340000;13628500000;2.15;0.2975
SQIA3;15.97;43.53;1.79;2.532;0.0042;0.926;35110.8;19.51;-2.96;21.56;10.74;0.1297;0.058;1;0.0542;0.0412;15324900;783626000;0.42;0.4019
BRIT3;3.2;45.19;1.05;1.575;0.0004;0.459;3.81;9.35;-1.6;13.49;5.26;0.1685;0.0349;1.76;0.0651;0.0233;1652220;1362930000;0.97;0
BAUH4;79.88;45.77;3.87;2.276;0;2.521;89.82;134.73;-67.82;134.7;50.65;0.0169;0.0497;1.1;0.0243;0.0846;7590.48;107672000;0.14;0.014
LUXM4;78.99;48.55;3.81;2.999;0.0088;2.681;-787.78;19.82;-19.15;19.74;11.28;0.1513;0.0618;0.98;0.1509;0.0784;127685;107812000;0.1;0.0219
SULA4;7.1;50;1.08;0.414;0.0106;0.3;0.81;-12.51;-4.4;7.18;9.22;-0.033;0.0083;2.29;-0.0562;0.0217;82335.1;8363840000;0.37;0.0166
SULA11;21.69;50.91;1.1;0.421;0.0104;0.306;0.83;-12.74;-4.48;6.95;8.93;-0.033;0.0083;2.29;-0.0562;0.0217;81927500;8363840000;0.37;0.0166
SULA3;7.26;51.12;1.11;0.423;0.0103;0.307;0.83;-12.79;-4.5;6.89;8.86;-0.033;0.0083;2.29;-0.0562;0.0217;44555.6;8363840000;0.37;0.0166
AURE3;13.83;53.46;1.07;2.819;0;0.471;5.78;19.67;-1.27;23.69;12.59;0.1433;0.0545;1.77;0.0272;0.02;50772100;12950500000;0.45;0
MOAR3;466;54.05;6.9;124108;0.042;2.793;10.2;-162.33;-15.46;-164.27;-167.59;-764.543;2296.02;2.94;-0.0289;0.1277;402696;827321000;1.08;-0.532
PETZ3;7.45;57.16;1.88;1.303;0.0046;0.961;7.54;15.57;-5.65;14.96;7.07;0.0837;0.0228;1.67;0.0736;0.0329;124955000;1831130000;0.07;0.3552
CPLE5;29.64;92.34;3.87;3.543;0.0211;1.627;21.65;21.81;-4.54;24.23;18.05;0.1624;0.0403;1.54;0.0856;0.0419;1748.33;20969700000;0.64;0.1289
PDTC3;3.41;120.5;2.05;0.746;0;0.552;1.63;19.5;-33.8;24.66;11;0.0383;0.0062;1.9;0.0364;0.017;241569;130596000;0.9;10.277
AMER3;10.95;232.49;0.68;0.356;0.0563;0.212;0.8;8.26;-1;18.36;7;0.0431;0.0015;2.24;0.0361;0.0029;440412000;14705600000;1.41;0.4703
NGRD3;1.45;260.2;0.77;1.315;0.0103;0.481;1.71;37.11;4.88;16.16;4.08;0.0354;0.0031;2.48;0.0219;0.0029;1388620;451675000;0.16;0.1122
LJQQ3;4.59;306.37;1.65;0.38;0.0268;0.304;0.97;8.44;-1.93;7.65;3.86;0.0451;0.0012;1.91;0.0482;0.0054;18088200;520369000;0.65;0.1463
IGTI3;2.46;324.44;1.29;4.976;0.0106;0.685;4.03;10.79;-4.69;13.25;9.96;0.4614;-0.0019;2.11;0.0876;0.004;717868;4002910000;0.81;0.0775
IGTI11;18.36;345.92;1.38;5.306;0.0099;0.73;4.3;11.5;-5;13.96;10.5;0.4614;-0.0019;2.11;0.0876;0.004;64429700;4002910000;0.81;0.0775
LWSA3;7.36;1039.29;1.47;4.033;0;0.944;3.94;154.27;10.04;106.82;23.48;0.0261;0.0039;2.12;0.009;0.0014;97046300;2959840000;0.03;0.5447
