Papel;Segmento;Cotação;FFO Yield;Dividend Yield;P/VP;Valor de Mercado;Liquidez;Qtd de imóveis;Preço do m2;Aluguel por m2;Cap Rate;Vacância Média
ABCP11;Shoppings;72.01;0.098;0.0935;0.78;878798000;78309;1;10109.5;1126.44;0.1114;0.0395
AFHI11;Títulos e Val. Mob.;94.34;0.0858;0.1559;0.99;284855000;844259;0;0;0;0;0
AGRX11;Híbrido;10.35;0.0476;0.0325;1;48910500;15035;0;0;0;0;0
AIEC11;Lajes Corporativas;71.65;0.1165;0.124;0.7;345710000;564181;2;14750.8;2064.43;0.14;0
ALMI11;Lajes Corporativas;920;0.0148;0;0.41;102283000;164370;1;2273.99;166.13;0.0731;0.589
ALZM11;Títulos e Val. Mob.;87.9;0.1268;0.0366;0.89;60755800;72790;0;0;0;0;0
ALZR11;Híbrido;114.89;0.0666;0.1181;1.07;795373000;1202040;12;5362.58;542.72;0.1012;0
ANCR11B;Shoppings;3450;0.0942;0.0706;1.01;1556340000;82;3;15055.2;1901.54;0.1263;0.0902
APTO11;Híbrido;8.89;0.1117;0.1282;0.88;35674300;39845;6;13782.9;606.4;0.044;0
ARCT11;Híbrido;89.76;0.1361;0.1827;0.9;332845000;1360760;9;343.16;28.09;0.0818;0
ARRI11;Títulos e Val. Mob.;8.92;0.1452;0.1756;0.96;107107000;378799;0;0;0;0;0
ASMT11;Híbrido;76.26;0.1337;0.03;0.86;77580500;4774;3;7155.88;721.05;0.1008;0
ATSA11;Shoppings;80.06;0.0199;0.0019;0.89;140196000;1063;1;4133.45;103.17;0.025;0.2164
BARI11;Títulos e Val. Mob.;93.43;0.1296;0.1537;0.93;432972000;845821;1;0;0;0;0
BBFI11B;Lajes Corporativas;1918.12;0.1808;0.1678;0.67;249356000;321925;2;2785.62;554.54;0.1991;0
BBFO11;Títulos e Val. Mob.;69.5;0.1642;0.1291;0.81;278271000;240382;0;0;0;0;0
BBGO11;Títulos e Val. Mob.;84.4;0.0591;0.0626;0.86;338036000;232996;0;0;0;0;0
BBPO11;Lajes Corporativas;89.04;0.1232;0.1199;0.89;1417490000;1413320;63;3625.44;494.06;0.1363;0
BBRC11;Outros;95.35;0.1169;0.1192;0.89;151606000;130926;20;9439.5;1470.87;0.1558;0
BCFF11;Títulos e Val. Mob.;66.49;0.1106;0.0982;0.85;1674640000;2583410;0;0;0;0;0
BCIA11;Títulos e Val. Mob.;85.11;0.1201;0.0986;0.79;316527000;368606;0;0;0;0;0
BCRI11;Títulos e Val. Mob.;97.01;0.1556;0.1553;0.95;607076000;766950;0;0;0;0;0
BICE11;Títulos e Val. Mob.;950;0.0776;0.1078;0.98;20017400;589;0;0;0;0;0
BICR11;Títulos e Val. Mob.;96.09;0.1172;0.0903;0.95;48045000;1059;0;0;0;0;0
BIME11;Híbrido;8;0.124;0.1202;0.88;46764800;186398;2;1262.57;0;0;0
BLCA11;Lajes Corporativas;89.9;0.052;0.0464;1;143840000;128711;1;44731;2227.62;0.0498;0
BLCP11;Logística;91;0.0541;0.0615;0.81;208962000;39369;2;3014.16;199.89;0.0663;0
BLMC11;Títulos e Val. Mob.;82.22;0.1281;0.1557;0.84;32846900;8092;0;0;0;0;0
BLMG11;Outros;74.81;0.1182;0.1297;0.81;285070000;598492;2;423.28;59.75;0.1412;0
BLMO11;Lajes Corporativas;20000;0.0087;0.0108;0.68;75940000;19048;1;11767.2;377.58;0.0321;0
BLMR11;Títulos e Val. Mob.;7.23;0.148;0.1229;0.86;184666000;499316;0;0;0;0;0
BLUR11;Títulos e Val. Mob.;101.5;0.0221;0.0804;0.99;9135000;622;0;0;0;0;0
BMLC11;Híbrido;104.5;0.0807;0.0822;0.96;104333000;138398;2;14095.3;1249.78;0.0887;0.0172
BNFS11;Outros;121.99;0.1314;0.1348;1.23;85393000;115134;18;7874.16;1243.3;0.1579;0
BPFF11;Outros;64.63;0.1749;0.122;0.83;290339000;591831;0;0;0;0;0
BPML11;Shoppings;66.75;0.0597;0.0486;0.54;287364000;23507;4;3682530;634390.81;0.1723;0.0599
BPRP11;Outros;95;0.1082;0.1078;0.88;128235000;84;1;5556.12;625.85;0.1126;0
BRCO11;Logística;99.35;0.0807;0.0792;0.83;1468270000;3731680;11;3284.13;308.01;0.0938;0
BRCR11;Híbrido;59;0.0963;0.0979;0.59;1571650000;1888730;9;10381.5;1175.58;0.1132;0.1371
BREV11;Híbrido;108.3;0.0594;0.0647;0.98;104748000;301;14;17040.5;1307.04;0.0767;0
BRLA11;Outros;144;0.0495;0.0865;0.91;380776000;1805;6;1238.85;61.92;0.05;0
BTAL11;Outros;90.17;0.0905;0.1085;0.85;539463000;1037080;9;1488.08;151.99;0.1021;0
BTCR11;Títulos e Val. Mob.;88;0.1248;0.1442;0.92;423289000;630628;0;0;0;0;0
BTLG11;Híbrido;98.67;0.0373;0.0887;1;2078670000;5540300;19;2278.07;73.06;0.0321;0.0232
BTRA11;Outros;83.05;0.1226;0.1193;0.81;279427000;577503;6;4.13;0.5;0.1202;0
BTSG11;Híbrido;100;0.1055;0.0172;0.75;77501500;2;1;4109.74;467.91;0.1139;0
BTWR11;Lajes Corporativas;105.49;0.0509;0.0441;0.94;85369900;17333;1;4195.42;230.93;0.055;0
CACR11;Híbrido;100.73;0.122;0.1898;0.97;182063000;852147;0;0;0;0;0
CARE11;Híbrido;3.35;-0.02;0;0.41;119829000;41555;2;4699.14;10.16;0.0022;0.9999
CBOP11;Lajes Corporativas;56.56;0.1482;0.1478;0.75;80032400;51225;1;4734.21;333.89;0.0705;0.4732
CCME11;Outros;102.14;0.0128;0.0083;1;254848000;8547;0;0;0;0;0
CCRF11;Títulos e Val. Mob.;97.26;0.0825;0.1351;0.99;152883000;359517;0;0;0;0;0
CEOC11;Lajes Corporativas;60.63;0.0961;0.0953;0.67;110086000;30779;1;8632.3;982;0.1138;0
CJCT11;Lajes Corporativas;69;-0.0033;0;0.81;198030000;97366;1;5864.12;284.41;0.0485;0.4168
CNES11;Lajes Corporativas;32.97;0.0347;0.0382;0.38;97236700;4710;1;1390.36;174.51;0.1255;0.546
CPFF11;Títulos e Val. Mob.;72.99;0.0621;0.0987;0.9;397779000;977544;0;0;0;0;0
CPTR11;Títulos e Val. Mob.;97.8;0.015;0.0805;0.99;404697000;2013970;0;0;0;0;0
CPTS11;Títulos e Val. Mob.;84.3;0.0009;0.1498;0.92;2679290000;6762660;0;0;0;0;0
CRFF11;Títulos e Val. Mob.;73;0.0953;0.091;0.81;50372900;101390;0;0;0;0;0
CTXT11;Lajes Corporativas;12.05;-0.1437;0;0.3;34978400;4730;1;761.48;5.79;0.0076;0.9824
CVBI11;Títulos e Val. Mob.;89.34;0.1477;0.1433;0.94;983654000;3289200;0;0;0;0;0
CXAG11;Outros;77.1;0.0736;0.0687;0.67;161187000;132818;32;2793.68;236.61;0.0847;0
CXCE11B;Lajes Corporativas;40.4;0.1086;0.1081;0.62;69203200;28253;1;3266.77;415.59;0.1272;0
CXCI11;Títulos e Val. Mob.;80.4;0.0213;0.0686;0.81;165441000;83036;0;0;0;0;0
CXCO11;Lajes Corporativas;70.44;0.1206;0.1172;0.73;276442000;180684;10;2969.29;381.2;0.1284;0
CXRI11;Títulos e Val. Mob.;68.11;0.0997;0.0939;0.77;107325000;36080;0;0;0;0;0
CXTL11;Logística;370.01;0.0133;0.0896;0.53;19831400;15482;3;801.17;105.96;0.1323;0.6515
DCRA11;Títulos e Val. Mob.;9.1;0.087;0.1116;0.95;61501700;302578;0;0;0;0;0
DEVA11;Títulos e Val. Mob.;83.75;0.0968;0.168;0.83;1164610000;3555650;0;0;0;0;0
DPRO11;Híbrido;99.98;0.0386;0.037;1.02;37142600;10000;1;2785.15;96.25;0.0346;0
DRIT11B;Lajes Corporativas;100;0.0722;0.0704;0.79;46327700;586;6;9215.58;843.64;0.0915;0.0779
DVFF11;Híbrido;71.35;0.064;0.1116;0.75;78552800;54356;0;0;0;0;0
EDFO11B;Lajes Corporativas;203;0.0915;0.094;1.06;47908000;7421;1;135989;13820.91;0.1016;0
EDGA11;Lajes Corporativas;17.66;0.0855;0.0833;0.27;67320900;34977;1;2675.31;432.79;0.1618;0.54
EGAF11;Títulos e Val. Mob.;100;0.0261;0.1299;1.02;93011400;159971;0;0;0;0;0
EQIR11;Títulos e Val. Mob.;8.98;0.1241;0.1443;0.9;45124500;131158;0;0;0;0;0
ERPA11;Lajes Corporativas;125;0.0171;0.0303;1.08;62615200;47113;10;25754;958.86;0.0372;0
EURO11;Logística;226.23;0.0943;0.0919;0.72;86857800;45427;7;734.49;76.28;0.1038;0
EVBI11;Híbrido;97.6;0.0904;0.0921;0.97;136422000;44825;7;6911.9;578.17;0.0836;0
EXES11;Títulos e Val. Mob.;103.05;0.0562;0.0327;1.01;22200600;3548;0;0;0;0;0
FAED11;Outros;151.99;0.1103;0.1116;0.7;97603100;87777;3;2567.77;301.96;0.1176;0
FAMB11B;Lajes Corporativas;845;-0.1393;0;0.28;88556000;429275;1;1523.37;0;0;1
FATN11;Híbrido;94.36;0.0808;0.1027;0.93;105077000;169775;25;26294.4;2076.48;0.079;0.0313
FCFL11;Outros;114.17;0.0867;0.0858;1.09;396628000;324902;1;12780.3;1188.94;0.093;0
FEXC11;Títulos e Val. Mob.;83.5;0.1419;0.1426;0.91;509643000;806159;0;0;0;0;0
FGAA11;Híbrido;10.03;0.0528;0.1186;1.04;341999000;1486400;0;0;0;0;0
FIGS11;Shoppings;49.99;0.0918;0.088;0.5;142472000;238845;2;2219.55;213.83;0.0963;0.1381
FIIB11;Híbrido;459;0.0922;0.0887;1.01;314415000;267266;11;564.19;58.37;0.1035;0.0069
FIIP11B;Híbrido;152.57;0.1088;0.1021;0.82;141457000;84630;7;2002.28;245.37;0.1225;0
FLCR11;Títulos e Val. Mob.;93.2;0.1791;0.1677;0.94;59051900;86672;0;0;0;0;0
FLMA11;Híbrido;123.5;0.0774;0.0767;0.79;170513000;106334;1;9748.93;851.69;0.0874;0
FLRP11;Shoppings;1565.02;0.075;0.0734;0.9;102089000;566583;1;2337.28;189.53;0.0811;0.0493
FMOF11;Lajes Corporativas;57;0.0045;0.0025;0.46;28956500;238;2;1716.21;153.59;0.0895;0.3784
FPAB11;Lajes Corporativas;188.68;0.1028;0.0971;0.46;141510000;18917;2;3085.9;444.99;0.1442;0.2562
FPNG11;Lajes Corporativas;75;0.1041;0.0971;0.44;76675800;22;6;8577.33;1069.24;0.1247;0.2354
FVPQ11;Shoppings;110.01;0.0805;0.0802;0.55;308044000;44120;1;5356.45;839.51;0.1567;0.083
GALG11;Híbrido;9.35;0.1071;0.1136;0.92;537488000;1303810;6;4955.9;459.29;0.0927;0
GAME11;Outros;9.18;0.0663;0.1071;0.93;189108000;255601;0;0;0;0;0
GCFF11;Títulos e Val. Mob.;71.26;0.128;0.1736;0.83;24128500;50802;0;0;0;0;0
GCRA11;Títulos e Val. Mob.;98.2;0.0468;0.1314;1;171935000;282389;0;0;0;0;0
GCRI11;Títulos e Val. Mob.;92.23;0.1261;0.1668;0.95;109827000;110594;0;0;0;0;0
GGRC11;Logística;116.86;0.09;0.0916;0.94;906650000;1373140;16;1210.68;110.56;0.0913;0
GSFI11;Shoppings;5.05;0;0;0.37;379751000;65688;0;0;0;0;0
GTLG11;Logística;97.9;0.0726;0.0852;1.04;702237000;34568;5;4027.03;263.47;0.0654;0.0557
GTWR11;Lajes Corporativas;77.55;0.1154;0.1125;0.79;930600000;1110660;3;10351.7;1276.24;0.1233;0
HAAA11;Lajes Corporativas;83.5;0.0836;0.0783;0.92;288493000;1209;2;19593.6;1632.01;0.0833;0.1693
HABT11;Títulos e Val. Mob.;88.9;0.087;0.163;0.89;722471000;2295360;0;0;0;0;0
HBCR11;Outros;109.3;0.0887;0.0694;1.04;83286600;784652;4;6749.72;441.14;0.0654;0
HBRH11;Híbrido;92.5;0.1005;0.0973;0.82;256429000;50944;5;8498.71;880.92;0.1037;0.0283
HCHG11;Outros;87;0.0595;0.1194;0.87;104400000;42643;0;0;0;0;0
HCRI11;Hospital;219;0.1116;0.1014;0.73;43800000;55207;1;7919.03;1178.32;0.1488;0
HCTR11;Títulos e Val. Mob.;98.7;0.0945;0.1714;0.81;2179710000;5721580;0;0;0;0;0
HFOF11;Títulos e Val. Mob.;70.11;0.1049;0.103;0.82;1612530000;1256960;0;0;0;0;0
HGAG11;Outros;103.58;-0.0112;0.0119;1.01;25713900;41214;0;0;0;0;0
HGBS11;Shoppings;190.53;0.0795;0.0769;0.87;1905300000;2252520;12;3612.56;300.67;0.0832;0.0531
HGCR11;Títulos e Val. Mob.;102.39;0.1087;0.1311;1;1578660000;4031600;0;0;0;0;0
HGFF11;Títulos e Val. Mob.;74.01;0.1075;0.0987;0.8;211935000;889898;0;0;0;0;0
HGIC11;Títulos e Val. Mob.;106.18;0.0659;0.1208;0.91;30621700;36668;0;0;0;0;0
HGLG11;Logística;162.47;0.0659;0.0976;1.1;3811010000;6163290;19;3343.29;225.79;0.0675;0.0727
HGPO11;Lajes Corporativas;255.5;0.0649;0.0665;0.95;447906000;301104;2;35296.7;2459.11;0.0697;0.0404
HGRE11;Lajes Corporativas;127.1;0.053;0.0855;0.79;1502040000;2360060;19;7538.47;527.76;0.07;0.2283
HGRU11;Híbrido;118.09;0.0794;0.0835;0.98;2173620000;3846520;77;4061.59;376.03;0.0926;0
HLOG11;Logística;91.49;0.0921;0.0842;0.82;388833000;60632;4;8905.87;858.31;0.0964;0
HOFC11;Lajes Corporativas;35.76;0.1174;0.1092;0.4;135137000;159232;4;3066.11;524.98;0.1712;0.4167
HOSI11;Híbrido;63.87;0.0785;0.0779;0.69;36626300;29321;0;0;0;0;0
HPDP11;Shoppings;80.48;0.0698;0.0685;0.85;234101000;6512;1;1833.42;139.98;0.0763;0.0109
HRDF11;Híbrido;1.08;-0.0099;0;0.96;8194100;329;0;0;0;0;0
HREC11;Títulos e Val. Mob.;83.99;0.1214;0.1423;0.92;433117000;54046;0;0;0;0;0
HSAF11;Títulos e Val. Mob.;83.97;0.0827;0.1534;0.91;212138000;598857;0;0;0;0;0
HSLG11;Logística;86.01;0.0779;0.0894;0.82;1088890000;664917;4;2560.1;240.25;0.0938;0.0049
HSML11;Shoppings;82.44;0.0911;0.0883;0.85;1300950000;2458220;7;8388.69;584.44;0.0697;0.0513
HSRE11;Híbrido;101.31;0.0691;0.0717;1.05;862965000;1850160;26;8726.75;704.61;0.0807;0
HTMX11;Hotel;110.39;0.0278;0.024;0.84;166063000;493299;23;4710.55;185.99;0.0395;0
HUCG11;Hospital;85.5;0.0464;0.0528;0.84;95931000;9163;2;1312.11;0;0;0
HUSC11;Outros;106.77;0.0893;0.0856;0.75;84840800;3238;1;1147.56;134.41;0.1171;0
HUSI11;Hospital;1100;0.0223;0.0286;1.1;127998000;106;1;6374.18;150.43;0.0236;0
IBCR11;Títulos e Val. Mob.;85.18;0.12;0.1821;0.88;81638500;253788;0;0;0;0;0
IDFI11;Híbrido;60.59;0.2009;0.8352;1;124690000;9761;1;0;0;0;0
IDGR11;Híbrido;82;0.1118;0.3913;1.15;72435400;781;1;428321;0;0;0
IRDM11;Títulos e Val. Mob.;95.01;0.1122;0.1471;1;3461580000;6995110;0;0;0;0;0
IRIM11;Híbrido;95.91;0.1164;0.1686;0.97;184147000;140544;0;0;0;0;0
ITIP11;Títulos e Val. Mob.;78.99;0.2143;0.1199;0.95;59096400;72249;0;0;0;0;0
ITIT11;Títulos e Val. Mob.;78.09;0.1264;0.071;0.92;70319600;97514;0;0;0;0;0
JASC11;Outros;101;0.0113;0.0149;0.87;183849000;6960;4;1356.54;0;0;0
JBFO11;Títulos e Val. Mob.;92.01;0.0754;0.0759;1;117687000;8799;0;0;0;0;0
JFLL11;Residencial;66.04;0.1749;0.1119;0.66;99099500;103417;2;6679.21;1255.41;0.188;0.3905
JGPX11;Híbrido;96.25;0.0797;0.0835;1;81629300;181177;0;0;0;0;0
JPPA11;Híbrido;105.21;0.1115;0.176;1.05;74163700;323461;0;0;0;0;0
JPPC11;Híbrido;161;-0.0518;0.1135;0.44;8855000;352;0;0;0;0;0
JRDM11;Shoppings;81.17;0.0794;0.0802;0.93;204789000;96392;1;6818.88;680.05;0.0997;0.0103
JSAF11;Títulos e Val. Mob.;87.03;0.0803;0.074;0.89;136902000;272515;0;0;0;0;0
JSRE11;Híbrido;74;0.0776;0.0811;0.65;1536780000;2773020;6;12988.4;1186.3;0.0913;0.1435
KCRE11;Títulos e Val. Mob.;91;0.065;0.0494;0.9;327600000;254084;0;0;0;0;0
KEVE11;Residencial;993;0.0183;0.0743;1.03;146667000;28021;0;0;0;0;0
KFOF11;Títulos e Val. Mob.;83;0.1007;0.0949;0.84;376265000;820819;0;0;0;0;0
KINP11;Residencial;9.01;-0.012;0.5919;1.76;64402900;46610;1;0;0;0;0
KISU11;Títulos e Val. Mob.;8.03;0.113;0.1054;0.87;354894000;1001570;0;0;0;0;0
KIVO11;Títulos e Val. Mob.;92;0.0499;0.1018;0.94;111791000;127773;0;0;0;0;0
KNCA11;Títulos e Val. Mob.;105.59;0.0792;0.0862;1.03;855270000;1759160;0;0;0;0;0
KNCR11;Títulos e Val. Mob.;99.8;0.0719;0.1186;0.99;5545730000;11588600;0;0;0;0;0
KNHY11;Títulos e Val. Mob.;96.39;0.0909;0.1429;0.98;1782330000;2614350;0;0;0;0;0
KNIP11;Títulos e Val. Mob.;91.7;0.0616;0.1501;0.95;7394840000;10100500;0;0;0;0;0
KNRE11;Residencial;0.98;0.0373;0.4658;0.84;18176200;2667;1;0;0;0;0
KNRI11;Híbrido;135.94;0.0776;0.0748;0.85;3283920000;3003540;20;4078.71;325.84;0.0799;0.0007
KNSC11;Títulos e Val. Mob.;85.58;0.0738;0.1572;0.95;1136140000;4123000;0;0;0;0;0
LASC11;Shoppings;91.99;0.0728;0.08;0.84;270478000;20192;2;3456.18;251.21;0.0727;0.0268
LATR11B;Residencial;13.02;-0.1404;0;1.2;1615830;22;0;0;0;0;0
LFTT11;Residencial;84.5;-0.02;0.0786;1.78;625684000;49372;391;15375.4;2.32;0.0002;0
LGCP11;Logística;82.4;0.1308;0.0874;0.8;225188000;445842;5;2769.45;374.35;0.1352;0
LIFE11;Outros;10.45;0.0405;0.0126;1.05;110058000;32517;0;0;0;0;0
LSAG11;Títulos e Val. Mob.;111.88;0.0633;0.0848;1.11;63048500;42431;0;0;0;0;0
LSPA11;Outros;107.33;0.1212;0.0349;1;43415000;212676;0;0;0;0;0
LUGG11;Residencial;75.87;0.1359;0.0866;0.59;68283000;37381;4;3085.93;547.53;0.1774;0.0166
LVBI11;Logística;100.94;0.0878;0.0862;0.87;1188590000;2628240;9;2994.56;285.3;0.0953;0.0144
MALL11;Shoppings;105.51;0.1668;0.0818;0.99;797693000;2083260;8;4136.88;578.85;0.1399;0.0419
MANA11;Títulos e Val. Mob.;10.1;0.0292;0.035;1.03;133538000;311504;0;0;0;0;0
MATV11;Títulos e Val. Mob.;87.5;0.0954;0.1524;0.94;37272200;15765;0;0;0;0;0
MAXR11;Híbrido;77.41;0.1019;0.0977;0.64;87137000;71058;10;1195.11;146.8;0.1228;0
MBRF11;Híbrido;679;0.1754;0.1682;0.6;69029900;40317;2;3771.85;726.82;0.1927;0.0434
MCCI11;Títulos e Val. Mob.;96.3;0.134;0.1291;1.02;1405420000;3278100;0;0;0;0;0
MCHF11;Títulos e Val. Mob.;8.95;0.116;0.1501;0.94;289153000;1041820;0;0;0;0;0
MCHY11;Títulos e Val. Mob.;102.27;0.1498;0.1573;0.99;367126000;33660;0;0;0;0;0
MFAI11;Híbrido;62.95;0.1044;0.1387;0.81;19896900;32074;0;0;0;0;0
MFCR11;Híbrido;102.5;0.0167;0.0244;1.02;10273700;619;0;0;0;0;0
MFII11;Híbrido;95.99;0.1369;0.1412;0.95;398061000;337782;6;167.61;0;0;0
MGCR11;Títulos e Val. Mob.;82.84;0.1239;0.1589;0.89;117824000;162687;0;0;0;0;0
MGFF11;Títulos e Val. Mob.;58.47;0.1026;0.1133;0.76;529190000;1140640;0;0;0;0;0
MGHT11;Híbrido;57.3;0.1214;0.1605;0.67;75279800;104058;1;6745.91;913.9;0.1355;0
MGLG11;Logística;38.95;0.0994;0.1415;1;73544400;109930;0;0;0;0;0
MORC11;Títulos e Val. Mob.;91.49;0.1099;0.1688;0.94;118200000;270793;0;0;0;0;0
MORE11;Títulos e Val. Mob.;66.8;0.118;0.1216;0.76;154917000;475978;0;0;0;0;0
MXRF11;Híbrido;10.05;0.101;0.1181;0.99;2271700000;6247420;3;8923.67;0;0;0
NAVT11;Títulos e Val. Mob.;76;0.1126;0.1238;0.81;80142500;118569;0;0;0;0;0
NCHB11;Títulos e Val. Mob.;91.9;0.1457;0.1185;1.01;147210000;444853;0;0;0;0;0
NCRA11;Títulos e Val. Mob.;89.1;0.0631;0.1075;0.94;35795300;289236;0;0;0;0;0
NEWL11;Híbrido;97.58;0.2737;0.115;0.8;198390000;141848;3;2706.61;534.47;0.1975;0
NEWU11;Híbrido;40.24;-0.0334;0;0.62;29858100;50709;3;2203.29;241.89;0.1098;0.5723
NSLU11;Hospital;163.79;0.0556;0.0699;0.84;211827000;469349;1;8818.38;1053.46;0.1195;0
NVHO11;Hospital;10.25;0.1399;0.0855;0.8;425319000;3002;4;13862.6;1994.98;0.1439;0
OIAG11;Híbrido;10.09;0.0492;0.0609;1.03;42033800;62420;0;0;0;0;0
ONEF11;Lajes Corporativas;170.8;0.0622;0.0624;0.98;155599000;80641;1;25430;1760.33;0.0692;0
OUFF11;Títulos e Val. Mob.;65.23;0.1559;0.1296;0.81;118349000;301721;0;0;0;0;0
OUJP11;Híbrido;95.03;0.1519;0.153;0.94;309074000;703733;0;0;0;0;0
OULG11;Logística;44.32;0.0823;0.0488;0.61;109971000;91552;2;1199.45;161.79;0.1349;0
OURE11;Híbrido;80.78;0.1774;0.1497;0.86;87007100;132647;6;2618.14;278.19;0.1063;0
PATC11;Lajes Corporativas;69.63;0.0498;0.0586;0.82;242134000;1606400;6;15843.5;1085.7;0.0685;0.029
PATL11;Logística;72.42;0.0922;0.0951;0.74;361487000;706902;4;2313.27;257.57;0.1113;0
PEMA11;Títulos e Val. Mob.;50;0.2516;0.2856;0.66;27600000;3946;0;0;0;0;0
PLCA11;Títulos e Val. Mob.;92.5;0.0107;0.0323;0.97;51524300;56284;0;0;0;0;0
PLCR11;Híbrido;85.65;0.2097;0.1509;0.93;180650000;391834;0;0;0;0;0
PLOG11;Logística;76.47;0.178;0.1173;0.76;57352500;86019;1;780.76;160.58;0.2057;0
PLRI11;Títulos e Val. Mob.;26.8;-0.0312;0.4018;0.8;25575300;3484;0;0;0;0;0
PORD11;Títulos e Val. Mob.;90.75;0.163;0.1627;0.93;338350000;734528;0;0;0;0;0
PQAG11;Logística;54.25;0.0896;0.0893;0.95;759060000;9031;1;12052.6;1065.64;0.0884;0
PQDP11;Shoppings;2200;0.0854;0.0818;0.66;540129000;349115;1;2029.89;228.58;0.1126;0.0109
PRSN11B;Residencial;2.31;-0.1658;0.1251;0.49;7464180;282;2;12668.5;0;0;0
PRSV11;Lajes Corporativas;140.1;0.0588;0;0.58;27319500;8135;1;2441.13;364.76;0.1494;0.409
PVBI11;Lajes Corporativas;91.29;0.0739;0.0675;0.92;916505000;2371070;4;10323.6;784.91;0.076;0
QAGR11;Outros;45.43;0.1065;0.1036;0.81;228967000;370043;12;2700.45;321.09;0.1189;0
QAMI11;Híbrido;83.9;0.2922;0.1673;0.9;67237300;27189;0;0;0;0;0
RBCO11;Lajes Corporativas;44;0.1233;0.0839;0.49;166276000;144616;4;3812.31;614.84;0.1613;0
RBDS11;Residencial;2.76;-0.8511;0;0.14;349203;211;0;0;0;0;0
RBED11;Outros;125;0.1082;0.1096;0.89;267380000;155802;7;3609.67;341.65;0.0946;0
RBFF11;Títulos e Val. Mob.;53.24;0.1168;0.1092;0.79;199608000;274487;0;0;0;0;0
RBHG11;Títulos e Val. Mob.;86.29;0.1101;0.1653;0.93;149073000;290955;0;0;0;0;0
RBHY11;Títulos e Val. Mob.;94.79;0.116;0.1763;0.99;179485000;411997;0;0;0;0;0
RBIR11;Residencial;64.9;-0.0255;0.0037;0.68;99207100;50290;0;0;0;0;0
RBLG11;Logística;98.5;0.1113;0.099;0.97;63059600;2519;2;174.58;15.15;0.0868;0.5
RBOP11;Híbrido;655;0.1819;0.015;0.58;66589900;57115;2;3638.53;726.82;0.1998;0.0434
RBRD11;Híbrido;37.1;0.1056;0.1143;0.54;68701300;35651;4;2486.15;325.73;0.131;0.2796
RBRF11;Títulos e Val. Mob.;69.28;0.1032;0.1055;0.8;947804000;2829690;0;0;0;0;0
RBRI11;Híbrido;999.89;0.072;0;0.81;120452000;6826;0;0;0;0;0
RBRL11;Logística;83;0.0831;0.0964;0.77;555024000;545410;6;1685.43;174.94;0.1038;0
RBRP11;Outros;52.75;0.102;0.0994;0.63;642452000;1426220;10;8995.7;1033.37;0.1149;0
RBRR11;Títulos e Val. Mob.;88.9;0.1196;0.1391;0.92;1194720000;4976740;0;0;0;0;0
RBRS11;Híbrido;60.4;0.0761;0.0866;0.67;104752000;37233;3;9408.58;731.88;0.0778;0.1535
RBRX11;Títulos e Val. Mob.;91.5;0.0734;0.0463;0.97;172083000;459196;0;0;0;0;0
RBRY11;Títulos e Val. Mob.;96.96;0.0963;0.1478;0.97;537818000;1121870;0;0;0;0;0
RBVA11;Outros;91.8;0.1003;0.1259;0.89;1063800000;956031;79;7357.9;943.75;0.1283;0
RBVO11;;11;0.0449;0.1896;0.63;5674060;4347;0;0;0;0;0
RCFF11;Títulos e Val. Mob.;98.99;0.029;0.0256;1.06;31993600;21807;0;0;0;0;0
RCRB11;Lajes Corporativas;127.53;0.0279;0.0636;0.65;470674000;610526;9;11326.9;874.51;0.0772;0.2597
RDPD11;Títulos e Val. Mob.;33;0.4072;0.5855;0.61;35575400;52561;0;0;0;0;0
RECR11;Títulos e Val. Mob.;86.6;0.1538;0.1535;0.91;2289850000;6034150;0;0;0;0;0
RECT11;Híbrido;55.91;0.0985;0.1092;0.59;477667000;654135;9;6058.6;635.72;0.1049;0.109
RECX11;Títulos e Val. Mob.;72.88;0.1365;0.1375;0.89;15910700;16348;0;0;0;0;0
REIT11;Títulos e Val. Mob.;468.49;0.0037;0.1766;0.96;12317100;11;0;0;0;0;0
RELG11;Híbrido;74.47;0.1298;0.1251;0.63;99384800;277016;5;1421.73;176.92;0.1244;0.1349
RFOF11;Títulos e Val. Mob.;72.82;0.0723;0.1097;0.85;78511900;207955;0;0;0;0;0
RMAI11;Híbrido;45;-0.0197;0.08;0.42;109971000;20874;2;2523.04;136.59;0.0541;0.3825
RNDP11;Títulos e Val. Mob.;153.21;0.0579;0.7842;0.48;16467200;12421;0;0;0;0;0
RNGO11;Lajes Corporativas;47.1;0.096;0.0983;0.54;126040000;114215;4;2296.52;275.88;0.1201;0.1666
ROOF11;Outros;810;-0.0811;0.1648;1.04;62771000;8135;110;75.93;0.26;0.0034;0
RPRI11;Títulos e Val. Mob.;95;0.0525;0.0369;0.93;212967000;66729;0;0;0;0;0
RRCI11;Títulos e Val. Mob.;86.85;0.1202;0.159;0.91;41840600;186247;0;0;0;0;0
RURA11;Títulos e Val. Mob.;10.32;0.0634;0.0697;1.03;619195000;809013;0;0;0;0;0
RVBI11;Títulos e Val. Mob.;74.52;0.1166;0.1196;0.86;107309000;301462;0;0;0;0;0
RZAG11;Títulos e Val. Mob.;9.89;0.064;0.0904;1.03;672920000;1999270;0;0;0;0;0
RZAK11;Títulos e Val. Mob.;96.69;0.1271;0.1771;1.04;329051000;2837840;0;0;0;0;0
RZTR11;Híbrido;100.79;0.1162;0.1469;1.04;1113530000;3603270;15;2.14;0.32;0.1501;0
SADI11;Títulos e Val. Mob.;90.75;0.1155;0.1219;0.91;288604000;1050780;0;0;0;0;0
SAIC11B;Lajes Corporativas;37.88;-0.0179;0;0.69;54158600;23;1;4701.71;0;0;1
SARE11;Híbrido;68.32;0.1191;0.1112;0.7;630889000;1267360;3;2499.69;251.02;0.1004;0
SCPF11;Shoppings;6.03;0.0432;0.0381;0.48;25326000;3892;1;5164.75;792.07;0.1534;0.2334
SDIL11;Logística;91.28;0.0939;0.0997;0.93;583740000;1013980;5;1628.86;217.53;0.1335;0.0124
SEED11;Híbrido;100;0.106;0.0636;1.04;164000000;33333;0;0;0;0;0
SEQR11;Outros;63.71;0.104;0.12;0.66;102481000;221284;4;2346.62;331.35;0.1412;0
SHPH11;Shoppings;807.99;0.0568;0.0561;0.91;492026000;120184;1;14307.6;1016.85;0.0711;0.0924
SIGR11;Títulos e Val. Mob.;100;0.1115;0.01;1;38939500;49405;0;0;0;0;0
SNAG11;Híbrido;101.58;0.0192;0.0292;1;152370000;2135010;3;64.04;1.11;0.0173;0
SNCI11;Títulos e Val. Mob.;99.94;0.0684;0.159;1.02;419748000;1583670;0;0;0;0;0
SNFF11;Títulos e Val. Mob.;86.48;0.0759;0.1055;0.93;244738000;438137;0;0;0;0;0
SPTW11;Lajes Corporativas;41.35;0.1871;0.115;0.78;74347300;137547;1;5193.44;1100.55;0.2119;0
SPXS11;Híbrido;90.8;0.0095;0.0187;0.95;112428000;222272;0;0;0;0;0
SRVD11;Títulos e Val. Mob.;8.86;0.0333;0.033;11.93;853094000;216;0;0;0;0;0
TEPP11;Lajes Corporativas;72.4;0.0806;0.0807;0.8;305670000;525018;5;9465.2;844.8;0.0893;0.0726
TGAR11;Híbrido;122.83;0.0615;0.1353;1.05;1389150000;4598670;4;83.24;1.18;0.0142;0
TORD11;Híbrido;7.54;0.0519;0.1364;0.53;264287000;500806;0;0;0;0;0
TRNT11;Lajes Corporativas;125;0.0384;0.037;0.62;491945000;66536;1;7792.52;549.16;0.0705;0.48
TRXB11;Híbrido;124.9;0.0715;0.091;1.11;341041000;2841160;12;3684.23;443.85;0.1205;0
TRXF11;Híbrido;104.99;0.0842;0.0957;1.04;932483000;3910840;27;2716.84;288.81;0.1063;0
TSER11;Lajes Corporativas;105;0.1055;0.1014;1.12;126525000;514942;1;2809.19;218.44;0.0778;0
URPR11;Outros;99.25;0.0568;0.1901;0.98;1158770000;4015770;0;0;0;0;0
VCJR11;Títulos e Val. Mob.;90.46;0.1104;0.1428;0.95;1331930000;1998490;0;0;0;0;0
VCRA11;Títulos e Val. Mob.;105.9;0.0668;0.0522;1.03;207999000;185154;0;0;0;0;0
VCRI11;Títulos e Val. Mob.;9.08;0.0947;0.0879;0.94;161382000;328879;0;0;0;0;0
VCRR11;Residencial;73.5;0.1182;0.1084;0.61;147000000;96067;4;2335.48;216.23;0.0926;0
VGHF11;Híbrido;9.08;0.076;0.1731;0.97;661834000;3006260;0;0;0;0;0
VGIA11;Títulos e Val. Mob.;10.15;0.0452;0.12;1.07;741791000;3435110;0;0;0;0;0
VGIP11;Títulos e Val. Mob.;86.97;0.1029;0.1654;0.94;1025140000;3023790;0;0;0;0;0
VGIR11;Títulos e Val. Mob.;10;0.0909;0.1391;1.04;757077000;4188010;0;0;0;0;0
VIFI11;Títulos e Val. Mob.;7.47;0.2508;0.0991;0.8;60426200;146386;0;0;0;0;0
VILG11;Logística;99.49;0.0779;0.0841;0.87;1492090000;2280080;16;2528.57;239.29;0.0946;0
VINO11;Lajes Corporativas;46.7;0.0875;0.0944;0.86;773598000;1373270;10;12185.9;1065.16;0.0874;0.0039
VISC11;Shoppings;103.1;0.0861;0.0817;0.9;1824480000;2877300;19;3102.14;285.68;0.0921;0.0592
VIUR11;Outros;7.6;0.1205;0.1116;0.8;204791000;323402;6;2891.44;294.58;0.1019;0
VLOL11;Lajes Corporativas;104.2;0.0662;0.0645;1.01;185979000;132678;1;17726.1;1300.82;0.0734;0
VOTS11;Títulos e Val. Mob.;79.19;0.2397;0.1535;0.83;65562400;4748;0;0;0;0;0
VRTA11;Títulos e Val. Mob.;93.06;0.1402;0.148;0.99;1259750000;3273900;0;0;0;0;0
VSEC11;Títulos e Val. Mob.;46.25;-0.0243;0.0989;0.47;2901490;30;0;0;0;0;0
VSHO11;Shoppings;71;0.0978;0.1069;0.72;149015000;47315;3;1961.98;353.43;0.1801;0.0784
VSLH11;Outros;9.01;0.0984;0.1476;0.86;269075000;613110;0;0;0;0;0
VTLT11;Logística;88.31;0.1138;0.11;0.86;186776000;376529;1;728.92;93.52;0.1283;0
VVPR11;Híbrido;101.5;0.0899;0.0843;1.04;234036000;572952;6;5334.39;526.7;0.0987;0
VXXV11;Outros;938;-0.0041;0;1.05;247820000;995536;0;0;0;0;0
WHGR11;Híbrido;9.03;0.0381;0.0526;0.91;226558000;558739;0;0;0;0;0
WPLZ11;Shoppings;76;0.0624;0.0591;0.74;77576800;7236;1;2062.53;142.02;0.0689;0.1157
WSEC11;Títulos e Val. Mob.;101.12;0.001;0.0088;0.99;24840200;2910;0;0;0;0;0
WTSP11B;Híbrido;43.49;0.0894;0.0346;0.52;43166700;96;1;3238.6;312.41;0.0965;0.0601
XPCA11;Títulos e Val. Mob.;10;0.0507;0.0944;1.05;313902000;1773410;0;0;0;0;0
XPCI11;Títulos e Val. Mob.;83.89;0.0762;0.1437;0.88;729973000;3109770;0;0;0;0;0
XPCM11;Lajes Corporativas;13.87;0.1631;0.1299;0.27;33490100;88083;1;1494.03;0;0;0.85
XPHT11;Hotel;108.75;0.0147;0.0473;1.15;413755000;108173;11;20313.6;399.36;0.0197;0.5874
XPIN11;Outros;73.97;0.0919;0.0999;0.7;528917000;452949;100;1908.9;179.65;0.0941;0.1515
XPLG11;Logística;98.28;0.0837;0.0828;0.86;2663490000;3527090;17;2094.01;184.4;0.0881;0.0627
XPML11;Shoppings;99.08;0.0752;0.0828;0.97;2013300000;3169340;11;4923.27;346.24;0.0703;0.0339
XPPR11;Outros;36.8;0.1363;0.1334;0.49;269235000;670866;6;3743.96;509.85;0.1362;0.3474
XPSF11;Títulos e Val. Mob.;7.28;0.0983;0.1148;0.82;315240000;736200;0;0;0;0;0
XTED11;Lajes Corporativas;8.82;-0.0285;0;0.66;18419500;15285;1;2739.73;0;0;0
YUFI11;Residencial;99.25;0.0518;0.027;0.95;48895500;729;30;7813.26;782.58;0.1002;0
ZAVI11;Híbrido;130;0.0143;0.0087;1.13;120447000;9072;8;2349.67;41.9;0.0178;0.0082
ZIFI11;Híbrido;1054.99;-0.0056;0.0077;0.89;49832500;352100;0;0;0;0;0
