Ticker;Open;High;Low;Close;52w High;52 Low
AESB3;10.08;10.17;9.76;9.81;12.3;9.18
ONCO3;7.52;7.56;7.25;7.34;12.33;4.03
RAIL3;19.93;19.93;18.71;18.91;22.34;14.7
DMMO3;1.84;1.85;1.82;1.82;1.95;0.42
ELMD3;10.2;10.59;9.92;10.16;17.48;9.2
HAPV3;5.56;5.63;5.24;5.3;13.1;5.01
TPIS3;1.32;1.33;1.26;1.26;2.17;1.02
CSAB3;41;41;41;41;55;41
CSAB4;41;41;41;41;50.01;38.19
YDUQ3;11.81;11.83;11.18;11.23;24.55;10.55
MGLU3;3.6;3.62;3.32;3.42;9.04;2.03
MAPT4;10.2;10.21;10.2;10.21;42;10.2
MTIG4;15.9;15.9;15.85;15.85;19.32;15.09
ESPA3;1.48;1.49;1.36;1.37;9.3;1.32
HBSA3;2.63;2.63;2.5;2.5;3.71;1.99
ORVR3;40.93;40.93;39.06;39.53;47.53;21.64
AERI3;1.6;1.62;1.54;1.58;8.16;1.47
CBEE3;14.03;14.03;14;14;24.43;14
SMFT3;16.32;16.47;15.15;15.23;23.51;9.63
DASA3;16.4;16.44;15.79;16.05;35.91;14.34
VIIA3;2.37;2.37;2.22;2.24;6.11;1.76
AGXY3;9.04;9.13;8.8;8.93;12.42;6.46
RCSL3;1.86;1.9;1.84;1.9;12.66;1.79
ZAMP3;6.2;6.26;5.9;5.98;8.87;5.06
SCAR3;23.4;23.5;23.11;23.5;41.83;22.7
LIGT3;5.89;5.94;5.65;5.7;12.43;5
AALR3;20.46;20.57;20.31;20.45;21.35;12.41
TRAD3;1.96;2.01;1.9;1.9;8.4;1.85
DTCY3;6.25;6.25;5.91;5.91;8.2;5.01
COGN3;2.36;2.37;2.26;2.28;3.48;1.95
CASH3;1.18;1.22;1.15;1.17;3.98;1.01
CEAB3;2.43;2.46;2.31;2.34;7.03;2.12
NTCO3;12.15;12.2;11.43;11.45;29.39;11.43
CLSA3;5.42;5.56;5.35;5.48;13.45;3.41
RCSL4;0.85;0.89;0.83;0.87;2.94;0.78
SHOW3;2.56;2.59;2.43;2.43;4.87;2.4
EMBR3;14.5;14.64;14.3;14.31;25.62;10.75
CTKA3;21.72;21.72;21.72;21.72;30.97;18.5
KRSA3;1.39;1.43;1.31;1.32;5.54;1.31
BRFS3;10.54;10.66;10.16;10.19;25.46;9.96
PEAB4;72.01;72.01;72.01;72.01;87.51;60.5
IFCM3;5;5.07;4.72;4.8;16.87;3.22
SEER3;6.22;6.22;5.66;5.69;12.3;5.5
GFSA3;6.65;6.69;6.17;6.24;21.51;6.13
SEQL3;3.57;3.75;3.48;3.65;16.17;2.99
TELB3;16.15;16.15;16.15;16.15;74.01;15.09
MEAL3;2.27;2.3;2.21;2.27;3.18;1.51
TCNO3;1.21;1.22;1.2;1.2;3.12;0.95
CRDE3;18;18;18;18;29.08;15.02
NINJ3;2.49;2.59;2.45;2.59;6.35;2.4
BLUT3;5.14;5.23;5;5.14;11;3.6
BOBR4;1.37;1.39;1.34;1.38;1.86;1.16
PEAB3;45.01;45.01;45;45.01;63.05;44.52
AHEB3;20;20;20;20;32.5;17
ANIM3;5.03;5.03;4.57;4.57;9.21;3.57
NORD3;5.9;5.9;5.9;5.9;16;5.5
TCNO4;0.93;0.94;0.85;0.85;2.16;0.65
TELB4;9.83;10;9.82;10;20.72;9.48
BIOM3;5.84;5.84;5.66;5.67;14.94;5.6
ADHM3;0;0;0;0;0;0
TXRX3;16.21;16.21;16.21;16.21;34;16.2
LUPA3;3.51;3.6;3.27;3.31;6.95;2.6
CTKA4;8.98;8.99;8.98;8.99;23;8
BAHI3;13.2;13.5;13.2;13.5;16.8;9.11
TCSA3;3.31;3.31;2.99;3.1;4.4;1.79
MBLY3;2.75;2.78;2.58;2.6;6.93;2.05
CEDO3;6;6.06;6;6.06;8.48;5.45
CVCB3;5.33;5.39;5;5.03;17.97;5
VIVR3;0.53;0.56;0.52;0.54;1.7;0.39
CTSA3;3.36;3.66;3.36;3.37;11.53;3.15
AMAR3;1.57;1.59;1.49;1.5;4.45;1.47
DOTZ3;1.68;1.73;1.65;1.65;4.4;1.65
ALPK3;1.91;1.93;1.82;1.83;6.02;1.38
ESTR4;39.99;39.99;39.99;39.99;59;39.9
WEST3;0.94;0.97;0.91;0.97;4.04;0.88
ENJU3;1.09;1.09;1.03;1.04;3.95;0.97
FRIO3;31;31;31;31;50.59;30.14
IRBR3;0.8;0.84;0.78;0.78;4.49;0.74
AZUL4;12.75;12.94;12.37;12.46;29.92;11.06
CEDO4;3.98;4.05;3.98;3.98;6.71;3.94
BRPR3;6.09;6.09;5.91;5.97;7.01;4.3
FRTA3;3.09;3.09;2.91;2.93;6.49;2.56
HETA4;4.33;4.33;4.05;4.05;17.44;4
BLUT4;1.57;1.6;1.52;1.52;4.2;1.33
LLIS3;1.78;1.79;1.61;1.68;2.18;1.17
CTSA4;1.96;2.14;1.96;2.03;6.03;1.87
PLAS3;9.45;9.81;9.45;9.81;12.5;6
CTNM3;6.7;6.7;6.7;6.7;12.91;6.15
OIBR4;0.53;0.56;0.53;0.54;1.86;0.47
IGBR3;31.62;31.62;31.5;31.5;60.32;13.95
NEXP3;0.4;0.4;0.36;0.37;1.36;0.36
TEND3;5.04;5.07;4.75;4.89;19.43;3.68
TXRX4;3.32;3.32;3.32;3.32;10;3.2
GOLL4;8.28;8.29;7.92;7.95;20.05;7.42
GPIV33;3.2;3.2;2.9;3.02;6.88;2.71
JFEN3;0.76;0.79;0.73;0.75;2.05;0.68
OIBR3;0.21;0.23;0.2;0.21;1.16;0.15
CTNM4;2.02;2.02;1.95;1.95;4.69;1.87
SGPS3;1.94;1.99;1.86;1.9;6.37;1.85
PMAM3;6.11;6.2;5.92;6.05;11.04;5.7
AVLL3;5.19;5.49;5;5.49;32.87;5
GSHP3;21.03;21.03;21.03;21.03;37.55;21.03
RSID3;2.6;2.71;2.38;2.41;9.97;1.78
MNDL3;37.51;37.51;37.5;37.5;48.35;18.5
SNSY5;3.39;3.39;3.2;3.2;5.58;2.35
RPMG3;1.79;1.79;1.77;1.77;3.65;1.72
TEKA4;24.8;24.99;23.85;24.99;25;7.56
ATMP3;1.3;1.3;1.2;1.23;3.58;0.98
OSXB3;7.2;7.36;6.91;6.91;13.74;4.6
OPCT3;2.69;2.84;2.61;2.76;3.73;1.61
PDGR3;0.3;0.31;0.28;0.28;2.05;0.28
INEP4;1.09;1.2;1.05;1.11;1.93;0.51
SLED4;2.92;2.92;2.92;2.92;12.28;2.82
HOOT4;1.34;1.37;1.34;1.34;3.3;1.32
INEP3;1.2;1.34;1.18;1.26;1.96;0.5
SLED3;8.12;8.12;8.12;8.12;26.25;8.1
SYNE3;4.57;4.64;4.5;4.54;7.94;3.95
MWET4;10.22;10.22;10.01;10.2;18.24;8.31
MGEL4;13.25;13.25;13.25;13.25;19.75;12
MNPR3;6.44;6.44;6.14;6.36;8.7;5.1
MRFG3;9.83;9.95;9.58;9.62;22.58;9.37
BRAP3;24.62;25.16;24.1;24.1;28.56;17.72
PETR4;24.26;24.33;23.6;23.86;33.59;14.89
BRAP4;27.22;27.53;26.6;26.79;33.03;19.03
EUCA4;7.4;7.41;7.34;7.35;10.86;7.08
USIM5;7.82;7.92;7.54;7.61;16.66;6.89
USIM3;7.67;7.8;7.45;7.63;15.08;7.13
PETR3;28.08;28.08;27.22;27.49;37.43;15.6
MWET3;29.98;29.98;29.98;29.98;35.1;16.05
GOAU3;11.31;11.54;11.14;11.18;11.65;7.97
FHER3;15.86;16.18;15.4;16.05;23.75;12.6
BAZA3;52.17;52.17;50.52;51.94;54;32.08
BDLL4;8.87;8.87;8.87;8.87;11.5;7.85
RNEW11;6.25;6.29;6.01;6.02;9;4.4
RNEW4;2.07;2.1;1.95;2.01;3;1.3
EPAR3;10.71;10.71;10.7;10.7;17.48;10
JBSS3;23.6;24.07;23.13;23.32;37.21;22.91
RNEW3;2.09;2.09;2.03;2.06;2.99;1.6
EUCA3;10.93;10.93;10.77;10.77;16.84;10.11
TASA3;13.69;13.84;13.5;13.71;24.69;12.88
GOAU4;13.03;13.35;12.9;13.02;13.35;8.48
HBRE3;5.11;5.11;4.92;5.01;10.3;3.82
PCAR3;18.69;18.83;18.13;18.26;25.87;14.84
GGBR3;24.16;24.81;23.85;24;25.2;15.21
TASA4;14.01;14.13;13.75;14;24.76;13.31
DMFN3;12.75;12.75;12.75;12.75;18.5;11
BNBR3;71.3;74.5;71.3;74.5;87.91;62.56
BDLL3;12;12;12;12;13.19;9.85
BBAS3;35.11;35.23;33.92;34.21;43.91;25.44
GGBR4;29.76;30.22;29.13;29.37;30.22;19.24
BALM4;9.4;9.4;9.4;9.4;13.73;9.02
ETER3;10.88;10.92;10.26;10.29;20.5;8.83
VALE3;82;82.88;80.68;80.9;98.06;61.8
TKNO4;61.61;65;61.61;65;78.69;45.98
CEBR3;10.14;10.14;9.89;9.98;15.78;9.89
HAGA4;1.18;1.26;1.11;1.11;2.42;1.11
CLSC3;50.49;50.5;50.49;50.5;67.54;47.35
CEBR5;10.06;10.45;10.05;10.12;15.12;9.8
CEBR6;10.34;10.34;10.15;10.3;14.59;9.09
EALT4;7.39;7.4;7.3;7.4;9.45;5.14
JALL3;7.89;8.06;7.7;7.77;11.17;6.48
MOVI3;9.64;9.69;8.96;8.96;18.08;8.61
USIM6;16.2;16.2;16.2;16.2;20.26;13.56
ENAT3;13.98;14.23;13.45;13.65;24.38;11.02
SUZB3;55.9;56.65;54.48;54.94;63.82;41.9
GPAR3;45.04;45.04;45.04;45.04;50;17.73
DEXP4;6.11;6.11;5.88;5.88;9.01;5.64
AURA33;31.5;32.24;30.39;30.75;52.91;26.73
PTNT4;6.05;6.15;5.97;6.1;6.78;3.99
CBAV3;11.08;11.17;10.63;10.82;24.48;9.19
BALM3;11.1;11.1;11.1;11.1;18.25;10.6
MYPK3;14.11;14.55;14.04;14.13;18.36;10.78
FESA4;56.73;57.12;55.06;55.06;58.65;36.37
CLSC4;56;58.5;54.7;58.5;68.88;49.16
LOGG3;19;19;18.05;18.07;30.6;17.08
TECN3;2.07;2.17;2.06;2.1;3.22;1.86
EALT3;7.66;8.29;7.66;8.29;13.15;7
MDNE3;5.71;5.71;5.5;5.6;7.87;4.26
NEOE3;15.97;16.21;15.75;15.81;19.15;13.32
FESA3;56.88;57.22;56.88;57.22;61;41.44
CAMB3;6.55;6.79;6.28;6.79;7.7;3.86
JHSF3;5.74;5.75;5.44;5.51;7.92;4.31
UCAS3;2.58;2.69;2.54;2.67;4.59;2.3
KLBN4;4.26;4.3;4.14;4.15;4.94;3.34
UNIP3;86.01;87.34;84.72;85.5;98.82;66.93
KLBN11;21.39;21.52;20.71;20.82;25.75;16.82
KLBN3;4.3;4.32;4.17;4.18;6.26;3.48
SOND5;32.02;32.02;32.02;32.02;49.5;27.87
SOND6;32.35;32.35;32.35;32.35;43;30.07
SAPR3;3.58;3.66;3.54;3.64;4.02;3.17
MTSA4;45.6;45.9;45.4;45.9;47;33.63
PFRM3;3.52;3.56;3.4;3.46;6.15;3.04
CGRA4;30.21;30.21;29.51;29.51;41.59;25.16
BMKS3;254.1;261.9;242.05;249;350;195.6
AFLT3;9.49;9.49;9.49;9.49;10.5;8.02
DEXP3;7.26;7.37;7.1;7.11;10.73;5.86
SAPR4;3.85;3.91;3.8;3.85;4.11;3.34
CGRA3;30.44;30.8;30.4;30.8;40.95;25.75
SAPR11;19.07;19.42;18.89;19.39;20.58;16.48
RAPT3;8.74;8.74;8.48;8.5;12.49;7.65
ATOM3;2.43;2.43;2.31;2.35;3.23;2.11
UNIP6;97.96;99.88;96.53;97.29;111.69;64.94
UNIP5;98.6;99.89;97.58;97.58;108.68;65.84
CCRO3;11.55;11.72;11.32;11.37;14.42;10.52
BEES3;5.74;5.8;5.72;5.78;5.91;4.15
DXCO3;8.62;8.66;8.09;8.15;17.32;8.09
ENBR3;21.51;21.81;21.2;21.31;24.04;18.18
BEES4;5.92;6;5.9;6;6.44;4.36
KEPL3;23.1;23.32;22.03;22.38;26.35;9.48
CEEB5;37.99;37.99;35.05;35.05;46.66;26.55
RAPT4;9.66;9.66;9.22;9.28;11.78;8.69
HBOR3;2.4;2.4;2.26;2.31;4.74;2.19
BRSR6;10.27;10.31;10;10.03;12.72;8.43
ABCB4;20.03;20.2;19.59;19.79;23.18;13.99
BMEB4;10.12;10.12;10.03;10.06;12.04;8.32
PTBL3;8.66;8.66;8.11;8.31;13.6;5.81
RANI3;8.45;8.56;8.38;8.54;9.36;4.92
TRPL4;23.47;23.53;23.06;23.19;27;22.43
ITSA4;9.03;9.07;8.8;8.83;9.92;7.13
POSI3;9.19;9.19;8.58;8.78;13.53;5.33
BMEB3;10.37;10.38;10.37;10.38;18.09;9.93
CSRN3;18.68;19.09;18.68;19.09;23.55;11.57
ITSA3;9.27;9.27;9.05;9.23;10.01;7.57
BBDC3;13.36;13.4;13.09;13.18;17.7;12.69
CEEB3;37.51;38.5;37.51;38.5;43.59;25.63
ROMI3;14.96;15.04;14.15;14.34;17.54;9.71
MELK3;3.58;3.59;3.42;3.42;4.69;3.28
MLAS3;3.6;3.6;3.41;3.5;8.37;3.38
BRSR3;11.35;11.35;11.08;11.2;13.66;10.37
LEVE3;29.39;29.95;28.54;28.75;30.6;20.05
AGRO3;27.48;27.75;27.1;27.5;31.93;19.68
EKTR4;35;35.51;35;35.51;37.72;19.01
PRNR3;6.56;6.59;6.25;6.41;7.69;5.01
BMGB4;2.26;2.39;2.23;2.25;3.1;2.13
COCE5;43.22;43.95;43.22;43.55;56.37;35
ENGI4;7.76;7.9;7.52;7.53;8.69;6.33
CALI3;8.8;8.8;8.8;8.8;11;5
EQMA3B;0;0;0;0;0;0
EKTR3;36.87;36.87;36.87;36.87;36.87;25.44
CMIG4;11.44;11.47;11.03;11.13;12.89;8.51
SHUL4;4.74;4.79;4.66;4.71;5.07;3.52
CYRE3;14.37;14.4;13.62;13.82;20.63;11.55
CSRN6;21;21;21;21;24.45;12.88
TAEE3;12.31;12.39;12.11;12.12;14.06;9.78
BRIV4;9.11;9.31;8.68;9.1;10.45;5.94
SANB3;13.51;13.51;13.09;13.1;17.18;12.36
TAEE11;37.18;37.34;36.42;36.42;41.59;30.25
TAEE4;12.4;12.49;12.2;12.2;13.83;10.07
CSRN5;20.98;21.23;20.96;21.23;23.36;11.74
PTNT3;10.05;10.21;9.91;10.15;22.57;9.55
CMIN3;3.68;3.77;3.58;3.6;6.16;2.81
WLMM3;22.17;22.17;22.17;22.17;33.55;18.21
SLCE3;45.16;45.88;44.55;44.75;57.75;31.79
BRIV3;9.89;10.11;9.46;9.59;15.5;4.96
SANB11;28.44;28.53;27.74;27.74;35.8;25.79
QUAL3;6.19;6.23;5.58;5.68;18.24;5.58
ITUB3;22.9;22.92;22.24;22.36;26.02;18.48
SMTO3;28.88;29.63;27.6;27.72;51.85;24.61
CSUD3;12.15;12.18;11.67;11.85;15.82;10.45
PLPL3;3.91;3.92;3.64;3.67;4.84;1.86
BBDC4;15.64;15.68;15.3;15.35;21.62;14.7
CAML3;9.48;9.54;9.1;9.2;11.19;7.62
GETT4;2.4;2.4;2.34;2.34;2.47;1.34
GETT3;2.38;2.41;2.33;2.35;2.42;1.49
CRPG5;28.5;29.81;26.2;27.4;63.49;20.55
JOPA3;23;23;23;23;30.6;19.52
EVEN3;5.41;5.43;5.21;5.26;7.47;4.14
ENGI11;45.16;45.54;43.64;43.96;49.95;37.27
SANB4;15.04;15.14;14.75;14.8;18.59;13.52
LVTC3;5.26;5.45;5.05;5.45;18.46;4.67
POMO3;2.14;2.14;2.1;2.11;2.9;2.03
CPFE3;34.52;35.05;33.68;33.83;37.06;22.3
TRPL3;29.99;30.8;29.99;30.78;36.26;27.5
CRPG6;27.9;29.99;27.61;28.79;62.76;21.29
WIZS3;7.82;7.9;7.69;7.73;9.17;6.18
RSUL4;83.74;83.74;82.99;82.99;87;44.68
TUPY3;29.58;29.86;28.62;28.98;31.94;16.47
CSNA3;15.04;15.4;14.84;14.99;29.53;11.8
ALUP11;27.4;27.52;26.67;26.75;29.35;22.03
ALUP4;9.2;9.22;8.91;9.04;9.79;7.35
ITUB4;26.78;26.82;25.89;25.99;31.29;20.51
ALUP3;9.12;9.13;8.84;9.05;9.94;7.35
BRGE12;9;9;9;9;9;5.55
BSLI4;12.84;12.98;12.84;12.98;30.56;12.5
ALLD3;6.9;6.9;6.7;6.75;16.86;6.7
REDE3;6.27;6.27;6.27;6.27;6.6;5.2
BRSR5;15.04;15.04;15.04;15.04;18.25;14.67
COCE3;57.7;57.7;57.7;57.7;58.02;54.16
WLMM4;28;28.26;27.17;27.17;39.57;19.26
BRBI11;12.81;13.08;12.55;12.75;18.41;11.33
BRGE8;9.39;9.39;9.39;9.39;9.99;7.07
POMO4;2.45;2.49;2.4;2.43;3.45;2.26
BOAS3;4.75;4.8;4.45;4.45;8.91;4.37
BRGE11;9.39;9.5;9.39;9.5;9.5;5.38
BPAC5;6.1;6.1;5.42;5.57;7.15;4.12
BGIP4;18.18;18.18;18.18;18.18;26.67;17.5
PRIO3;36.65;36.85;34.24;34.65;39.25;18.49
DMVF3;4.39;4.46;4.19;4.19;5.87;3.56
VULC3;12.97;12.97;12.34;12.47;15.07;7.65
CURY3;11.02;11.05;10.55;10.67;13.34;5.32
CIEL3;5;5.01;4.68;4.78;6.15;1.87
CSMG3;15.58;15.63;15.18;15.46;16.1;10.97
EZTC3;15.99;15.99;15.2;15.32;23.28;13.95
BEEF3;12.95;13.1;12.53;12.68;16.41;8.02
RPAD6;7;7;6.9;6.9;7;4.17
MRVE3;8.55;8.56;8.22;8.31;13.17;7.18
BRGE5;10;10;10;10;10.7;8.61
RPAD5;7;7;7;7;9.5;6.55
CRIV3;5.31;5.6;5.18;5.18;5.98;2.72
LAVV3;5.36;5.36;5.08;5.1;6.7;4
CXSE3;8.23;8.25;8.05;8.15;9.05;6.33
VBBR3;17.23;17.27;16.34;16.46;24.27;15.63
GRND3;6.52;6.63;6.33;6.4;10.13;6.16
BMIN4;13.3;13.3;13.3;13.3;22.24;12.25
HAGA3;3.04;3.19;2.93;2.93;12.95;2.51
CGAS5;130;130;129.87;129.87;159.61;89.92
CRIV4;5.95;6.5;5.4;5.55;6.95;4.02
CGAS3;132;132;132;132;157.66;99.44
TGMA3;21.45;21.45;20.32;20.45;23.87;11.69
RECV3;29.76;29.94;28.24;28.55;36.66;13.13
RPAD3;7.27;7.66;7.27;7.66;8.79;5.36
SBFG3;15.43;15.43;14.75;15.07;27.74;14.12
TTEN3;11.05;11.11;10.68;10.84;14;6.69
SOJA3;10.86;10.88;10.46;10.55;16.26;9.84
FIQE3;3.56;3.62;3.49;3.5;6.83;3.01
CMIG3;18.03;18.08;17.28;17.52;19.74;11.58
OFSA3;24;24.2;23.98;24;26.67;19.32
BTTL3;16.25;16.8;16.1;16.75;32.05;13.58
CEED4;40;40;40;40;65.5;39.99
ODPV3;8.46;8.49;8.24;8.43;11.63;7.94
UGPA3;13.96;14;13.06;13.2;15.18;11.21
EQPA3;6.93;7;6.68;6.8;7;4.17
AZEV4;1.72;1.73;1.6;1.63;4.55;1.48
CEED3;41;41;40.9;40.9;59.99;37.58
AZEV3;1.82;1.82;1.63;1.65;5.38;1.5
JSLG3;6.14;6.14;5.91;6.02;8.27;4.38
BRGE3;11.98;11.98;11.98;11.98;11.98;5.76
BBSE3;31.4;31.7;30.65;30.7;32.25;17.67
BRGE6;12.06;12.06;12.06;12.06;15.5;7.08
VIVT3;39.33;39.46;38.68;38.73;53.44;38.2
TRIS3;3.74;3.75;3.56;3.58;6.25;3.23
ENGI3;14.36;14.38;13.6;13.6;17.01;11.54
DIRR3;14.51;14.51;13.7;13.97;18.41;8.68
BSLI3;18.26;18.26;18.26;18.26;31.74;15.51
SIMH3;7.89;7.89;7.38;7.47;12.87;6.92
MTRE3;4.21;4.21;4;4.11;7.94;3.86
BRKM5;29.1;29.72;28.79;28.96;59.26;25.36
BRKM3;29.3;29.5;28.65;29.04;55.2;28.4
VITT3;12.93;12.93;11.94;12.11;15.8;8.67
JOPA4;37.5;37.5;37.5;37.5;42.88;33.25
BRKM6;29.5;29.5;29.5;29.5;38.79;18.02
MEGA3;10.19;10.38;10;10.01;13.33;8.94
MILS3;11.44;11.45;10.68;10.89;14.26;4.79
BPAN4;7.2;7.23;7;7.03;13.36;5.98
MRSA3B;0;0;0;0;0;0
BRML3;8.86;8.89;8.56;8.61;10.65;6.85
BPAC11;25.47;25.71;24.48;24.65;30;17.8
EQPA5;8.3;8.3;8.3;8.3;8.4;5.63
EQTL3;28.77;28.77;27.29;27.5;30.49;20.51
SBSP3;59.96;61.69;58.83;60.09;61.69;32.5
PSSA3;23.48;23.67;23.06;23.19;25.02;16.82
BGIP3;27.19;27.19;27.19;27.19;34.61;27.19
EQPA7;8.5;8.5;8.5;8.5;8.5;5.78
MRSA5B;0;0;0;0;0;0
PATI3;42.86;42.86;42.86;42.86;77.5;39
GMAT3;6.24;6.27;5.95;6.03;7.85;3.21
WHRL3;5.06;5.08;5.04;5.08;6.99;4.42
BMIN3;19.5;19.5;19.5;19.5;27.6;19
CRFB3;16.22;16.25;15.55;15.76;23.82;13.53
WHRL4;5.14;5.15;5.09;5.14;8.49;4.59
GUAR3;7.72;7.79;7.36;7.42;13.37;6.31
EMAE4;40;41.08;40;41.08;74.86;28.07
GEPA3;23;23;23;23;33;21.63
TIMS3;13.25;13.29;12.93;13.07;14.26;11.51
ENMT3;81.84;81.84;81.84;81.84;82.55;74.22
ENMT4;80.06;81.84;80.06;81.84;82.35;74.73
BMOB3;14.59;14.8;13.98;14.35;17.74;10.56
CRPG3;55;55;55;55;85.6;37.55
STBP3;7.79;7.8;7.38;7.43;9.07;4.76
DOHL4;4.42;4.43;4.29;4.36;6.15;4.24
FRAS3;11.64;11.64;11;11;14.59;9.18
GEPA4;24.5;24.5;24.49;24.49;34.29;23
GGPS3;12.84;13.02;12.47;12.53;18.01;10.29
FLRY3;17.4;17.45;16.84;17.16;19.83;13.4
VIVA3;23.22;23.22;21.73;22.49;28.92;20.16
BLAU3;29.38;29.4;28.34;28.65;38.84;21.31
ALSO3;18.57;18.57;17.64;17.82;23.85;15.8
VVEO3;16.97;16.97;15.9;16.02;23.74;13.02
PORT3;10.86;10.86;10.49;10.59;11.58;7.2
PATI4;51.99;51.99;51.99;51.99;61.86;51.99
PARD3;22.59;22.59;21.74;22.14;24.69;16.1
B3SA3;12.35;12.45;11.91;12.05;16.04;9.65
DESK3;9.5;9.58;9.03;9.12;19.66;6.04
RDNI3;6.8;6.94;6.5;6.79;10.92;6.11
EGIE3;39.56;39.99;39.04;39.19;43.92;34.69
PINE4;1.81;1.85;1.79;1.85;2.03;0.96
HYPE3;45.14;45.33;44.01;44.66;51.11;25.65
TFCO4;11.41;11.41;11;11;13.77;7.92
MULT3;23.62;23.62;22.53;22.6;27.82;15.87
PNVL3;10.75;10.75;10.33;10.49;14.65;8.91
ENEV3;13.1;13.1;12.26;12.42;16.42;11.45
ABEV3;16.03;16.07;15.69;15.77;16.88;12.81
MERC4;7.42;7.42;7.41;7.41;11.03;6.9
ASAI3;19.89;19.89;19.12;19.21;20.86;10.94
LREN3;25.38;25.4;23.84;23.97;31.8;20.73
JPSA3;101.85;101.85;101.85;101.85;109.7;89.1
PGMN3;4.62;4.66;4.41;4.48;11.18;3.97
ECOR3;4.52;4.57;4.34;4.4;9.25;4.22
MDIA3;37.99;37.99;36.55;37.13;45.7;18.79
CSAN3;17.1;17.25;16.63;16.79;24.66;15.23
ALPA3;13.84;14.31;13.76;13.79;34.84;13.14
BPAC3;13.68;13.78;13.51;13.66;16.5;9.46
ELET3;46.63;46.75;44.92;45.33;52.49;28.68
ARZZ3;90.7;90.88;86.01;86.86;105.99;62.49
CPLE3;7.61;7.66;7.23;7.31;8.01;4.77
LOGN3;31.4;31.63;30.5;30.64;43.08;20.3
ELET6;49.5;49.94;47.65;48.58;56.12;28.05
INTB3;32.2;32.2;31.02;31.17;36.66;22.14
VAMO3;13.44;13.48;12.72;12.79;16.69;9.62
LPSB3;2.36;2.36;2.09;2.14;4.76;1.9
HBTS5;30.11;30.11;30.11;30.11;59.32;30.01
CPLE11;40.93;40.93;39.49;39.94;42.62;25.7
ALPA4;16.85;16.96;15.84;16.1;42.1;15.34
MATD3;7.54;7.54;7.19;7.35;17.4;6.96
CPLE6;8.34;8.34;8.08;8.17;8.74;5.21
MODL3;2.44;2.47;2.37;2.47;5.67;2.33
VLID3;9.7;9.71;9.1;9.1;12.05;7.4
APER3;28.99;28.99;28.18;28.51;40.89;22.94
SOMA3;11.81;11.85;11.09;11.24;16.15;8.78
AMBP3;24.75;24.75;23.17;23.48;48.07;21.45
LIPR3;70;70;70;70;72.03;50.78
RENT3;61.34;61.55;58.18;58.46;74.21;46.37
CSED3;3.96;4.03;3.87;3.89;7.73;2.79
RAIZ4;4.16;4.19;3.99;4.05;7.4;3.74
RRRP3;37.4;37.74;35.27;35.4;51.58;26.35
ARML3;12.57;12.61;11.65;12;27.17;9.9
DOHL3;10;10;10;10;19.87;10
CEPE5;0;0;0;0;0;0
TOTS3;30.37;30.42;28.59;28.85;37.98;22.44
CEPE6;0;0;0;0;0;0
MERC3;15.11;15.11;15.11;15.11;27;14.5
RADL3;23.37;23.38;22.36;22.47;27.15;17.7
WEGE3;39.78;39.79;38.6;39.1;42.42;22.63
RDOR3;30.91;31.13;29.13;29.64;55.27;25.66
SQIA3;16.43;16.6;15.68;15.97;21.53;12.61
BRIT3;3.43;3.43;3.19;3.2;6.9;1.74
BAUH4;79.88;79.88;79.88;79.88;87.9;67.01
LUXM4;78.99;78.99;78.99;78.99;84.3;73
SULA4;7.51;7.51;7.04;7.1;12.6;6.33
SULA11;22.97;22.97;21.22;21.69;38.21;19.28
SULA3;7.56;7.56;7.2;7.26;12.5;6.4
AURE3;13.98;14.09;13.68;13.83;16.87;12.59
MOAR3;465;466;465;466;490;363.4
PETZ3;7.83;7.87;7.36;7.45;20.58;7.21
CPLE5;29.64;29.64;29.64;29.64;35.78;19.75
PDTC3;3.51;3.55;3.38;3.41;7.37;2.74
AMER3;11;11.54;10.54;10.95;36.35;10.01
NGRD3;1.54;1.54;1.45;1.45;3.24;1.38
LJQQ3;4.85;4.87;4.58;4.59;11.58;4.4
IGTI3;2.56;2.57;2.45;2.46;3.41;2.06
IGTI11;19.23;19.3;18.29;18.36;22.88;14.41
LWSA3;7.68;7.68;7.28;7.36;15.9;4.91
ABCP11;73.35;74.48;71.63;72.01;76;54.57
AFHI11;93.81;95.36;93.8;94.34;99.04;79.91
AGRX11;10.25;10.25;10.25;10.25;0;0
AIEC11;71.11;71.98;71.11;71.65;80.41;60.6
ALMI11;920.01;980;920;920;1184;830
ALZM11;87.58;88.99;84.51;87.9;96.84;66.74
ALZR11;114.73;114.97;114;114.89;119.34;89.13
ANCR11B;0;0;0;0;0;0
APTO11;8.9;9.15;8.81;8.89;10.32;8.05
ARCT11;90.91;92;89.6;89.76;103.28;83.74
ARRI11;9.09;9.14;8.92;8.92;9.37;7.73
ASMT11;76.3;76.3;76.26;76.26;93.77;69.38
ATSA11;78.88;80.06;78.88;80.06;99.15;75.4
BARI11;93.51;94.44;93.07;93.43;96.69;84.79
BBFI11B;0;0;0;0;0;0
BBFO11;69.16;69.5;68.19;69.5;78.8;58.2
BBGO11;84.5;84.5;84.1;84.4;100;81
BBPO11;90.57;90.57;88.5;89.04;93.6;74.63
BBRC11;95.35;96.79;94.53;95.35;107.82;76.63
BCFF11;66.5;66.94;66.16;66.49;72.15;54.59
BCIA11;85.99;85.99;85.05;85.11;93.67;71.86
BCRI11;97.11;98.2;97.01;97.01;104.19;88.94
BICE11;975;975;950;950;1103.6;933.06
BICR11;97.26;97.26;96.09;96.09;102;74.44
BIME11;7.92;8.06;7.38;8;9.53;7.38
BLCA11;89.9;89.9;89.9;89.9;96.1;80.94
BLCP11;0;0;0;0;0;0
BLMC11;84.5;84.5;82.22;82.22;96.03;79.18
BLMG11;75.49;76.79;73.44;74.81;90.33;70.78
BLMO11;20000;20000;20000;20000;25781.26;14912.52
BLMR11;7.28;7.3;7.07;7.23;7.97;6.13
BLUR11;101.45;101.5;101.45;101.5;101.5;88.41
BMLC11;104.99;105;101.8;104.5;107;78.46
BNFS11;122.51;123.36;121;121.99;133.4;95.09
BPFF11;64.79;64.79;64;64.63;71.27;53.62
BPML11;67.15;67.15;65.67;66.75;78.69;57.21
BPRP11;95;95;95;95;102.81;84.71
BRCO11;100;101;99.02;99.35;113.61;77.76
BRCR11;60.15;60.68;58.22;59;69.56;53.35
BREV11;108.3;108.3;108.29;108.3;121.14;80.07
BRLA11;144;144;144;144;149.95;123.79
BTAL11;90.75;90.75;89.8;90.17;100.32;77.65
BTCR11;84.47;88;84.47;88;96.53;74.64
BTLG11;98.7;99;98.15;98.67;103.57;81.34
BTRA11;83.01;84.89;83.01;83.05;98.33;72.16
BTSG11;100;100;100;100;100;64.85
BTWR11;105.49;105.49;105.49;105.49;105.49;102.49
CACR11;100.95;101.2;100.4;100.73;101.4;86.79
CARE11;3.4;3.5;3.25;3.35;5.93;1.66
CBOP11;56.73;56.73;56.56;56.56;69.59;50.16
CCME11;102.14;102.14;102.14;102.14;103.13;101.29
CCRF11;97.26;97.26;97.26;97.26;100.26;84.52
CEOC11;57.44;60.95;57.44;60.63;62.72;45.38
CJCT11;69;69;64.05;69;70;50.15
CNES11;30.55;34.85;30.55;32.97;40.7;29.89
CPFF11;70.68;72.99;70.12;72.99;75.87;60.57
CPTR11;102.15;102.15;102.15;102.15;0;0
CPTS11;84.15;84.7;84.11;84.3;91.27;81.74
CRFF11;73.7;73.7;73;73;84.36;56.2
CTXT11;12.05;12.5;12.05;12.05;26;11.11
CVBI11;89.34;90.2;88.9;89.34;96.27;82.88
CXAG11;77.55;78;77.01;77.1;88.83;68.44
CXCE11B;0;0;0;0;0;0
CXCI11;80.39;80.4;77.88;80.4;102.35;69.14
CXCO11;70.86;70.9;70;70.44;78.73;61.58
CXRI11;68.11;68.11;68.1;68.11;70.93;58.91
CXTL11;370.01;370.01;370;370.01;416.21;213.62
DCRA11;9.05;9.15;9;9.1;10.26;9
DEVA11;83.73;84.42;83.6;83.75;97.26;83
DPRO11;1.12;1.12;0.96;1.03;3.84;0.5
DRIT11B;0;0;0;0;0;0
DVFF11;70.29;71.48;70.28;71.35;89.92;62.48
EDFO11B;0;0;0;0;0;0
EDGA11;17.55;17.77;17.41;17.66;22.91;16.76
EGAF11;99.1;100;99.05;100;105;87.01
EQIR11;0;0;0;0;0;0
ERPA11;122;125;122;125;137.71;108.2
EURO11;228.69;228.69;225.31;226.23;257.29;168.72
EVBI11;98.99;98.99;97;97.6;102.1;80.71
EXES11;103.05;103.05;103.05;103.05;103.05;98.63
FAED11;151.23;154;150;151.99;162.03;116.7
FAMB11B;0;0;0;0;0;0
FATN11;94.4;94.4;94.02;94.36;108.52;81.25
FCFL11;114.6;114.6;112;114.17;131.8;87.17
FEXC11;84.55;84.55;83.35;83.5;89.99;69.89
FGAA11;9.99;10.04;9.97;10.03;11.33;9.51
FIGS11;49.88;50.23;49.03;49.99;58.31;45.06
FIIB11;462;462;458.98;459;495.79;389.16
FIIP11B;0;0;0;0;0;0
FLCR11;92.66;94.9;92.63;93.2;96.65;84.19
FLMA11;123.88;123.88;123.39;123.5;134.64;104.43
FLRP11;1565.02;1565.02;1565.02;1565.02;1799.99;1084.09
FMOF11;57;57;57;57;68.72;55.03
FPAB11;188.68;188.68;188.68;188.68;224.4;172.06
FPNG11;75;75;75;75;90.95;56.44
FVPQ11;108.95;110.01;108;110.01;129.37;94.37
GALG11;9.43;9.44;9.21;9.35;9.8;8.55
GAME11;9.27;9.3;9.14;9.18;10.8;8.72
GCFF11;71.02;71.26;70.16;71.26;72.73;54.81
GCRA11;99.92;99.92;97.6;98.2;109.99;97.52
GCRI11;92.41;92.74;91.8;92.23;95.22;80.4
GGRC11;117.03;117.47;115.05;116.86;123.23;88.07
GSFI11;5;5.05;4.95;5.05;5.21;3.99
GTLG11;98;98;97.9;97.9;99.29;86.66
GTWR11;79.01;81.48;77;77.55;87.88;62.24
HAAA11;83.7;84.7;83.5;83.5;97.02;83.39
HABT11;89.98;89.98;88.85;88.9;100.46;88.85
HBCR11;109.3;109.3;109.3;109.3;112.63;97.94
HBRH11;92.68;92.68;92.5;92.5;96.71;68.54
HCHG11;85.97;87;84.51;87;88.9;71.98
HCRI11;218.93;219;214;219;357.19;187.16
HCTR11;98.16;98.89;98.1;98.7;112.43;86.07
HFOF11;71.99;71.99;70.01;70.11;80.61;65.42
HGAG11;103.58;103.58;103.58;103.58;103.6;93
HGBS11;189.57;191.94;188.96;190.53;214.48;144.2
HGCR11;102.32;103.17;101.53;102.39;104.77;87.85
HGFF11;74;77.7;73.6;74.01;83.23;58.89
HGIC11;106.18;106.18;106.18;106.18;107.74;88.88
HGLG11;162.38;164;162.2;162.47;171.73;139.84
HGPO11;255.89;259.96;255.06;255.5;271.54;209.1
HGRE11;126.79;127.91;126.07;127.1;143.69;104.55
HGRU11;119;119.1;117.59;118.09;129.02;95.08
HLOG11;89.68;91.49;89;91.49;97.72;80.28
HOFC11;34.5;35.76;34.01;35.76;54.43;33.83
HOSI11;62.55;63.87;62.55;63.87;73.56;59.19
HPDP11;80.48;80.48;80.48;80.48;92.75;69.62
HRDF11;1.07;1.09;1.07;1.08;1.38;0.99
HREC11;84;84;82;83.99;96.19;79.65
HSAF11;84.2;84.27;83.13;83.97;90.79;73.14
HSLG11;86.41;86.99;85.04;86.01;98.27;70.8
HSML11;82.63;83.39;82.44;82.44;94.25;62.91
HSRE11;101.31;101.31;101.31;101.31;101.5;78.36
HTMX11;109.6;110.47;107.59;110.39;121.4;71.33
HUCG11;85;85.5;85;85.5;103;72.62
HUSC11;110.2;110.82;106.77;106.77;118.52;83.86
HUSI11;1100;1100;1100;1100;1132.13;945.46
IBCR11;85.46;85.46;85.01;85.18;91.9;76.77
IDFI11;60.6;60.6;60.57;60.59;70.71;51.54
IDGR11;80;80;80;80;0;0
IRDM11;95.23;95.99;95;95.01;102.3;88.08
IRIM11;95.87;96.13;95.62;95.91;107.69;89.73
ITIP11;79.47;79.47;78.76;78.99;82.2;65.9
ITIT11;78.3;78.3;77.77;78.09;83.4;63.09
JASC11;101;101;101;101;101;98.16
JBFO11;92.01;92.01;92.01;92.01;92.01;67.16
JFLL11;65.18;66.09;65.15;66.04;80.63;59.73
JGPX11;96.51;96.98;96;96.25;102;90.73
JPPA11;105.09;106.9;105.09;105.21;106.9;75.85
JPPC11;161;161;161;161;200;128.88
JRDM11;83.02;83.02;81.17;81.17;88.72;53.28
JSAF11;86.98;87.48;86.45;87.03;96.5;73.82
JSRE11;74.61;75.15;73.01;74;89.45;63.05
KCRE11;93.53;93.53;93.5;93.5;0;0
KEVE11;993;993;993;993;1066.2;739.4
KFOF11;81.96;83.62;80.8;83;91.58;61.04
KINP11;9.4;9.4;9.01;9.01;16.59;6.93
KISU11;8.04;8.1;7.99;8.03;8.91;6.41
KIVO11;92;93.97;91.28;92;100.43;86.07
KNCA11;105.94;105.94;105.51;105.59;119.86;102.24
KNCR11;100.08;100.36;99.35;99.8;101.88;87.81
KNHY11;97.01;97.19;96.35;96.39;101.17;91.36
KNIP11;92.01;92.08;91.53;91.7;99.26;88.02
KNRE11;0.99;0.99;0.98;0.98;1.05;0.63
KNRI11;135.88;136.95;135.24;135.94;152.88;117.47
KNSC11;85.57;85.75;85.15;85.58;91.12;82.28
LASC11;91.98;91.99;91;91.99;92.18;74.71
LATR11B;0;0;0;0;0;0
LFTT11;84.99;84.99;82;84.5;86.77;68.27
LGCP11;82.64;82.87;82.06;82.4;87.68;64.48
LIFE11;10.25;10.47;10;10.45;11;9.78
LSAG11;109.1;111.88;109.1;111.88;116;102
LSPA11;0;0;0;0;0;0
LUGG11;77.41;78.35;72.52;75.87;86.91;72.12
LVBI11;101.41;102.07;100.52;100.94;119.14;78
MALL11;104.91;105.89;104.91;105.51;111.15;75.97
MANA11;10.01;10.1;9.7;10.1;10.37;9.15
MATV11;87.5;87.5;87.5;87.5;110.21;84.1
MAXR11;77.2;77.41;77.2;77.41;88.98;69.91
MBRF11;0;0;0;0;0;0
MCCI11;96.09;96.5;95.19;96.3;96.75;85.23
MCHF11;8.95;8.98;8.85;8.95;10.7;8.37
MCHY11;102.7;104.89;102.27;102.27;110.6;86.4
MFAI11;62.87;63.69;62.11;62.95;78.69;54.79
MFCR11;102.5;102.5;102.5;102.5;102.97;96.54
MFII11;95.68;96;95.6;95.99;99.03;87.68
MGCR11;82.95;83.42;82.76;82.84;88.71;68.61
MGFF11;58.69;58.69;58.24;58.47;67.39;52.18
MGHT11;59.98;59.98;54.69;57.3;82.25;51.84
MGLG11;38.53;39.44;38.53;38.95;59.47;36.35
MORC11;91.15;91.7;90.95;91.49;94.56;80.32
MORE11;66.02;67.49;66.02;66.8;75.73;58.34
MXRF11;10.03;10.05;10.02;10.05;10.32;8.01
NAVT11;78.04;78.04;75.53;76;81.09;59.92
NCHB11;92.2;92.48;91.68;91.9;93.43;74.9
NCRA11;88.7;89.1;88.63;89.1;103;81.6
NEWL11;96.46;98.36;96.4;97.58;104.53;78.15
NEWU11;40.23;40.24;40.23;40.24;41.98;28.01
NSLU11;163.53;164.72;161.67;163.79;226.01;131.37
NVHO11;10.01;10.25;10.01;10.25;13.13;9.06
OIAG11;10.09;10.1;10.03;10.09;11;9
ONEF11;170.31;172.4;170.26;170.8;177.2;119.45
OUFF11;65.44;65.62;65.03;65.23;69.94;54.59
OUJP11;95.19;95.95;95;95.03;99.98;70
OULG11;44.07;44.35;44;44.32;57.79;35
OURE11;80.78;81.49;80.44;80.78;83.45;69.41
PATC11;69.98;69.98;69.03;69.63;74.19;49.73
PATL11;74;74;71.98;72.42;84.59;55.06
PEMA11;50.01;50.01;50;50;68.67;40.42
PLCA11;95.99;95.99;95.99;95.99;0;0
PLCR11;85.95;86;85.2;85.65;88.79;70.47
PLOG11;76.42;76.47;75.01;76.47;81.22;60.7
PLRI11;26.79;26.8;26.79;26.8;38.63;21.82
PORD11;91.43;91.84;90.65;90.75;96.09;74.55
PQAG11;54.25;54.8;54.25;54.25;59.14;50.93
PQDP11;2180.01;2299.93;2179.03;2200;2364.89;1682.29
PRSN11B;0;0;0;0;0;0
PRSV11;140.11;140.11;140.1;140.1;142.49;96
PVBI11;91.6;92.84;91.29;91.29;98;74.39
QAGR11;45.53;45.57;45.29;45.43;47.67;42.57
QAMI11;83.96;84.29;82.03;83.9;89.91;79.77
RBCO11;0;0;0;0;0;0
RBDS11;2.76;2.76;2.76;2.76;10;2.5
RBED11;124.95;125;124.95;125;136.28;102.04
RBFF11;53.02;53.58;52.5;53.24;60.45;45.04
RBHG11;86.41;86.73;86.09;86.29;88.3;69.78
RBHY11;94.45;95.2;94.29;94.79;98.36;81.83
RBIR11;64.9;64.9;64.9;64.9;75.72;59.79
RBLG11;98.5;98.5;98.5;98.5;109.02;72.36
RBOP11;653;656.49;650;655;719.04;422.25
RBRD11;36.95;37.85;36.95;37.1;49.1;34.72
RBRF11;69.12;70;69;69.28;78.49;59.66
RBRI11;999.89;999.89;999.89;999.89;1200.01;900
RBRL11;84.03;84.03;82.95;83;95.72;74.81
RBRP11;52.3;52.99;51.15;52.75;74.57;47.75
RBRR11;87.35;88.97;86.21;88.9;96.93;81.06
RBRS11;60.4;60.4;60.4;60.4;75.27;53.96
RBRX11;95.54;95.6;95.54;95.6;0;0
RBRY11;95.34;97;95.1;96.96;103.24;86.39
RBVA11;92.06;92.96;91.61;91.8;97.65;83.63
RBVO11;11.03;11.03;10.88;11;13.32;8.84
RCFF11;98.99;98.99;98.98;98.99;100;88.31
RCRB11;128.16;129.99;127.53;127.53;148.37;112.4
RDPD11;35.49;35.49;32.8;33;52.51;31
RECR11;86.09;86.68;85.8;86.6;98.01;83.71
RECT11;55.81;56;55.7;55.91;68.79;53.89
RECX11;72.88;72.88;72.88;72.88;95.17;64.14
REIT11;468.49;468.49;468.49;468.49;596.56;395.17
RELG11;72.56;75.21;72.5;74.47;89.98;61.18
RFOF11;74.24;74.25;72.09;72.82;80.25;58.83
RMAI11;45;45;45;45;50.13;28.47
RNDP11;159.99;159.99;153.21;153.21;192;101.29
RNGO11;47.95;47.99;46.02;47.1;55.59;42.32
ROOF11;810;810;810;810;864;753.66
RPRI11;95.5;95.5;95;95;100;92
RRCI11;85.89;86.9;85.89;86.85;87.55;64.81
RURA11;10.23;10.32;10.19;10.32;10.82;9.8
RVBI11;74.51;74.52;73.75;74.52;81.39;65.22
RZAG11;9.95;9.95;9.89;9.89;10.71;8.82
RZAK11;96.82;97.44;95.78;96.69;102.04;68.44
RZTR11;100.7;101.32;100.42;100.79;104.86;80.29
SADI11;90.76;90.9;90.25;90.75;91.43;73.74
SAIC11B;0;0;0;0;0;0
SARE11;68.79;69.47;67.75;68.32;79.83;55.83
SCPF11;5.81;6.03;5.81;6.03;7.96;4.47
SDIL11;92.23;92.48;91.12;91.28;97.89;74.16
SEED11;100;100;100;100;106.59;92.86
SEQR11;64.23;64.24;63.26;63.71;71.75;57.31
SHPH11;799.99;807.99;771.02;807.99;840.65;649.96
SIGR11;100;100;100;100;100;100
SNAG11;101.17;101.59;100.9;101.58;109.99;95
SNCI11;99.96;99.96;98.76;99.94;101;80.22
SNFF11;86;86.5;85.2;86.48;90.27;73.53
SPTW11;41.48;41.8;41.29;41.35;44.62;36.72
SPXS11;95.99;95.99;95.99;95.99;0;0
SRVD11;8.86;8.86;8.86;8.86;10;7
TEPP11;73.46;73.46;71.5;72.4;85.77;58.61
TGAR11;123.44;124.36;122.28;122.83;127.99;95.56
TORD11;7.56;7.6;7.48;7.54;9.04;7.48
TRNT11;125;125;125;125;125.5;92.1
TRXB11;124.98;125;124.9;124.9;140;94.72
TRXF11;105.86;105.86;104.56;104.99;113.39;84.25
TSER11;105;105;105;105;105;81.81
URPR11;99.37;99.37;99.03;99.25;109.18;83.92
VCJR11;90.9;91.98;90.3;90.46;98.1;83.16
VCRA11;105.95;105.95;105.71;105.71;0;0
VCRI11;9.08;9.09;9.06;9.08;9.8;8.39
VCRR11;74.84;74.85;73;73.5;84.03;60.61
VGHF11;9.07;9.09;9.05;9.08;9.79;8.16
VGIA11;9.99;10.15;9.98;10.15;13.5;8.85
VGIP11;86.95;87;86.3;86.97;95.93;80.75
VGIR11;9.92;10;9.91;10;10;8.07
VIFI11;7.45;7.47;7.44;7.47;7.81;6.37
VILG11;98.64;100.47;98.64;99.49;110.25;78.18
VINO11;46;46.93;46;46.7;53.44;39.87
VISC11;104.28;105.3;103.05;103.1;113.81;85.07
VIUR11;7.68;7.68;7.49;7.6;8.35;6.37
VLOL11;104.04;104.2;104.01;104.2;108.36;80.65
VOTS11;79.19;79.19;79.19;79.19;90.27;71.47
VRTA11;93;93.5;92.17;93.06;99.35;87.02
VSEC11;46.25;46.25;46.25;46.25;98.85;41.37
VSHO11;71.5;71.5;71;71;84.61;64.46
VSLH11;9.01;9.06;9;9.01;9.09;8.03
VTLT11;88.77;89.1;88.25;88.31;102.63;80.57
VVPR11;0.37;0.37;0.35;0.36;4.84;0.32
VXXV11;938;938;938;938;938;852.64
WHGR11;8.59;8.59;8.57;8.57;0;0
WPLZ11;77.49;77.49;76;76;83.94;56.07
WSEC11;101.08;101.12;101.08;101.12;103.08;89.2
WTSP11B;0;0;0;0;0;0
XPCA11;10;10.05;9.99;10;11.55;8.6
XPCI11;82.61;84.85;82.61;83.89;93.73;78.4
XPCM11;13.51;14;13.5;13.87;23.24;12.11
XPHT11;113.97;113.97;108.75;108.75;125;85.61
XPIN11;74.76;74.78;73.8;73.97;87.24;67.79
XPLG11;99.25;99.7;98;98.28;109.66;79.93
XPML11;98.77;99.99;98.77;99.08;104.87;76.46
XPPR11;37.14;37.55;36.8;36.8;64.57;35.56
XPSF11;7.28;7.35;7.23;7.28;7.85;6.22
XTED11;9.01;9.09;7.85;9;9.99;5.48
YUFI11;99.25;99.25;99.25;99.25;108.92;98.43
ZAVI11;130;130;130;130;130.01;114.2
ZIFI11;1083.98;1083.98;1005.03;1054.99;1787.43;893.71
